video_id,title,url,published_at,duration,playlist_or_source,include_wave,skip_reason,caption_status
h7FccWQT2TA,How to use the VCarve toolpath in Vectric software | 2.5D Toolpaths | V12 Tutorials,https://www.youtube.com/watch?v=h7FccWQT2TA,,1598.0,25DTOOLPATH-V12,wave1,,auto
HNyIDbF7kww,How to use the drilling toolpath in Vectric software | 2D Toolpaths | V12 Tutorials,https://www.youtube.com/watch?v=HNyIDbF7kww,,430.0,2DTOOLPATH-V12,wave1,,auto
3I5rZg8hE-s,How to use the pocket toolpath in Vectric software | 2D Toolpaths | V12 Tutorials,https://www.youtube.com/watch?v=3I5rZg8hE-s,,1059.0,2DTOOLPATH-V12,wave1,,auto
VAvj8KqOuE8,How to use the profile toolpath in Vectric software | 2D Toolpaths | V12 Tutorials,https://www.youtube.com/watch?v=VAvj8KqOuE8,,1095.0,2DTOOLPATH-V12,wave1,,auto
MOiVl-R3xhM,How to use the quick engraving toolpath in Vectric software | 2D Toolpaths | V12 Tutorials,https://www.youtube.com/watch?v=MOiVl-R3xhM,,901.0,2DTOOLPATH-V12,wave1,,auto
aQyh6aGp3ys,"How to use level effects, clipping and mirror mode in Vectric software | 3D Assembly | V12 Tutorials",https://www.youtube.com/watch?v=aQyh6aGp3ys,,1063.0,3DASSEMBLY-V12,wave1,,auto
a_HwPGiE0DI,How to use the component tree in Vectric software | 3D Assembly | V12 Tutorials,https://www.youtube.com/watch?v=a_HwPGiE0DI,,1151.0,3DASSEMBLY-V12,wave1,,auto
7wxRKF7Lc8A,Arc Fitting Toolpaths,https://www.youtube.com/watch?v=7wxRKF7Lc8A,,412.0,CHANNEL,wave1,,auto
tmaTxrZZv6Y,"How to Set up your Machine, Materials and Tool Database",https://www.youtube.com/watch?v=tmaTxrZZv6Y,,494.0,CHANNEL,wave1,,auto
ovxypfxp38g,How to create and save your toolpaths,https://www.youtube.com/watch?v=ovxypfxp38g,,1040.0,CHANNEL,wave1,,auto
YLK9E_c5S3k,How to get your project ready for toolpathing,https://www.youtube.com/watch?v=YLK9E_c5S3k,,687.0,CHANNEL,wave1,,auto
NF9oaCjXmAo,How to use the 3D Finishing Toolpath | 3D Toolpaths | V12.5 Tutorials,https://www.youtube.com/watch?v=NF9oaCjXmAo,,685.0,CHANNEL,wave1,,auto
5wOzzsZ870k,How to use the 3D Roughing Toolpath | 3D Toolpaths | V12.5 Toolpaths,https://www.youtube.com/watch?v=5wOzzsZ870k,,443.0,CHANNEL,wave1,,auto
dfzBnuFNNnI,Introduction to Aspire's Interface,https://www.youtube.com/watch?v=dfzBnuFNNnI,,769.0,CHANNEL,wave1,,auto
YMQIBz6_Yxk,VCarve Pro - Getting Started with VCarving the Bulls Head Sign,https://www.youtube.com/watch?v=YMQIBz6_Yxk,,637.0,CHANNEL,wave1,,auto
Vovq8CwJC-E,"🛠️ Before you start your CNC project, here’s a quick checklist to save you time and headaches",https://www.youtube.com/watch?v=Vovq8CwJC-E,,NA,CHANNEL,wave1,,auto
nESYbpc9r6o,How to convert text to curves in Vectric software | Creating Vectors | V12 Tutorials,https://www.youtube.com/watch?v=nESYbpc9r6o,,124.0,CREATEVEC-V12,wave1,,auto
bPCCtoT6dx0,How to create text | Creating Vectors | V12.5 tutorials,https://www.youtube.com/watch?v=bPCCtoT6dx0,,472.0,CREATEVEC-V12,wave1,,auto
xKEMBBssl48,How to draw a circle in Vectric software | Creating Vectors | V12 Tutorials,https://www.youtube.com/watch?v=xKEMBBssl48,,250.0,CREATEVEC-V12,wave1,,auto
aH2x_vEKThY,How to draw a polygon in Vectric software | Creating Vectors | V12 Tutorials,https://www.youtube.com/watch?v=aH2x_vEKThY,,241.0,CREATEVEC-V12,wave1,,auto
3VLd_-gHGeI,How to draw a rectangle in Vectric software | Creating Vectors | V12 Tutorials,https://www.youtube.com/watch?v=3VLd_-gHGeI,,434.0,CREATEVEC-V12,wave1,,auto
UZeMhbWFfjQ,How to draw a star in Vectric software | Creating Vectors | V12 Tutorials,https://www.youtube.com/watch?v=UZeMhbWFfjQ,,275.0,CREATEVEC-V12,wave1,,auto
3VzE89aug5o,How to draw an arc in Vectric software | Creating Vectors | V12 Tutorials,https://www.youtube.com/watch?v=3VzE89aug5o,,176.0,CREATEVEC-V12,wave1,,auto
evD7YgrMgl0,How to draw an ellipse in Vectric software | Creating Vectors | V12 Tutorials,https://www.youtube.com/watch?v=evD7YgrMgl0,,310.0,CREATEVEC-V12,wave1,,auto
jzW6RGG8wWk,How to node edit vectors  | Editing Objects | V12.5 Tutorials,https://www.youtube.com/watch?v=jzW6RGG8wWk,,674.0,CREATEVEC-V12,wave1,,auto
PXh58eYRoWE,How to trim vectors | Creating Vectors | V12.5 Tutorials,https://www.youtube.com/watch?v=PXh58eYRoWE,,424.0,CREATEVEC-V12,wave1,,auto
WHG7Ko4_6wU,How to use the polyline tool in Vectric software | Creating Vectors | V12 Tutorials,https://www.youtube.com/watch?v=WHG7Ko4_6wU,,360.0,CREATEVEC-V12,wave1,,auto
dLD0Li8DMYw,How to create fillets in Vectric software | Editing Objects | V12.5 Tutorials,https://www.youtube.com/watch?v=dLD0Li8DMYw,,472.0,EDITOBJ-V12,wave1,,auto
uPTziUXw4PI,How to extend vectors in Vectric software | Editing Objects | V12 Tutorials,https://www.youtube.com/watch?v=uPTziUXw4PI,,156.0,EDITOBJ-V12,wave1,,auto
N_jHFZz9wz4,How to group and ungroup vectors in Vectric software | Editing Objects | V12 Tutorials,https://www.youtube.com/watch?v=N_jHFZz9wz4,,237.0,EDITOBJ-V12,wave1,,auto
0Bb_Sm-jAtA,How to join vectors in Vectric software | Editing Objects | V12 Tutorials,https://www.youtube.com/watch?v=0Bb_Sm-jAtA,,305.0,EDITOBJ-V12,wave1,,auto
vDO-TC__TCE,How to use the vector validator in Vectric software | Editing Objects | V12 Tutorials,https://www.youtube.com/watch?v=vDO-TC__TCE,,549.0,EDITOBJ-V12,wave1,,auto
8pWYBEY7Sxg,"How to weld, subtract and overlap vectors in Vectric software | Editing Objects | V12 Tutorials",https://www.youtube.com/watch?v=8pWYBEY7Sxg,,176.0,EDITOBJ-V12,wave1,,auto
mucdprsJQkw,How to make a toolpath setup sheet in Vectric software | Efficiency Tools | V12 Tutorials,https://www.youtube.com/watch?v=mucdprsJQkw,,1005.0,EFFICIENCY-V12,wave1,,auto
wzS6M3bhHgo,How to use job templates in Vectric software | Efficiency Tools | V12 Tutorials,https://www.youtube.com/watch?v=wzS6M3bhHgo,,973.0,EFFICIENCY-V12,wave1,,auto
qOIZmdKOno0,How to import and export 3D data in Vectric software | General Topics | V12 Tutorials,https://www.youtube.com/watch?v=qOIZmdKOno0,,1710.0,GENERAL-V12,wave1,,auto
JRPg0oexpN8,How to use layers | General Topics | V12.5 Tutorials,https://www.youtube.com/watch?v=JRPg0oexpN8,,1466.0,GENERAL-V12,wave1,,auto
EC0F23IihuY,How to use the interface in Vectric software | General Topics | V12 Tutorials,https://www.youtube.com/watch?v=EC0F23IihuY,,816.0,GENERAL-V12,wave1,,auto
deMB2pc9-pY,How to add clearance tool to v-carving in Vectric VCarve & Aspire | Getting Started | V12 Tutorials,https://www.youtube.com/watch?v=deMB2pc9-pY,,1263.0,GS-V12,wave1,,auto
WzJOIdUfMO4,How to create a relief model in Vectric Aspire | Getting Started | V12 Tutorials,https://www.youtube.com/watch?v=WzJOIdUfMO4,,2187.0,GS-V12,wave1,,auto
ooTRI9rHydw,How to create a simple sign in Vectric software | Getting Started | V12 Tutorials,https://www.youtube.com/watch?v=ooTRI9rHydw,,1293.0,GS-V12,wave1,,auto
kdvjB-4ET7o,How to create a v-carved sign in Vectric software | Getting Started | V12 Tutorials,https://www.youtube.com/watch?v=kdvjB-4ET7o,,1423.0,GS-V12,wave1,,auto
cORavE0W3fo,How to import and machine a 3D model in Vectric VCarve & Aspire | Getting Started | V12 Tutorials,https://www.youtube.com/watch?v=cORavE0W3fo,,1809.0,GS-V12,wave1,,auto
gezzgwbX-Mk,How to model a 3D sign in Vectric Aspire | Getting Started | V12 Tutorials,https://www.youtube.com/watch?v=gezzgwbX-Mk,,2049.0,GS-V12,wave1,,auto
yTlrrcQSBkE,Importing vectors and create profile toolpaths in Vectric software | Getting Started | V12 Tutorials,https://www.youtube.com/watch?v=yTlrrcQSBkE,,849.0,GS-V12,wave1,,auto
7TLntCKMjww,How to create a carved recess in Aspire in Vectric software | Modeling Tools | V12 Tutorials,https://www.youtube.com/watch?v=7TLntCKMjww,,842.0,MODELTOOLS-V12,wave1,,auto
0z0zpqyuaKc,How to create a zero plane in Vectric software | Modeling Tools | V12 Tutorials,https://www.youtube.com/watch?v=0z0zpqyuaKc,,101.0,MODELTOOLS-V12,wave1,,auto
e08s0KipMEY,How to model a flat plane in Aspire in Vectric software | Modeling Tools | V12 Tutorials,https://www.youtube.com/watch?v=e08s0KipMEY,,560.0,MODELTOOLS-V12,wave1,,auto
rA1ZDH1qY4c,How to model a round shape in Aspire in Vectric software | Modeling Tools | V12 Tutorials,https://www.youtube.com/watch?v=rA1ZDH1qY4c,,810.0,MODELTOOLS-V12,wave1,,auto
57VUdzl9jiI,How to model a shape with a custom profile in Vectric software | Modeling Tools | V12 Tutorials,https://www.youtube.com/watch?v=57VUdzl9jiI,,1019.0,MODELTOOLS-V12,wave1,,auto
zCVBsLEBi4w,How to model a smooth shape in Vectric software | Modeling Tools | V12 Tutorials,https://www.youtube.com/watch?v=zCVBsLEBi4w,,797.0,MODELTOOLS-V12,wave1,,auto
nMM9s51Ee2c,How to model an angled shape in Aspire in Vectric software | Modeling Tools | V12 Tutorials,https://www.youtube.com/watch?v=nMM9s51Ee2c,,783.0,MODELTOOLS-V12,wave1,,auto
s4ofeDBlkbw,How to put a model in a dish recess in Vectric software | Modeling Tools | V12 Tutorials,https://www.youtube.com/watch?v=s4ofeDBlkbw,,920.0,MODELTOOLS-V12,wave1,,auto
Fdq4nhMahF8,How to use the two rail sweep in Aspire in Vectric software | Modeling Tools | V12 Tutorials,https://www.youtube.com/watch?v=Fdq4nhMahF8,,1073.0,MODELTOOLS-V12,wave1,,auto
glEsqGe_8cU,Introduction to 3D modeling in Vectric software | Modeling Tools | V12 Tutorials,https://www.youtube.com/watch?v=glEsqGe_8cU,,692.0,MODELTOOLS-V12,wave1,,auto
66cFpax3Q3Q,How to offset vectors in Vectric software | Offset and Layout Tools | V12 Tutorials,https://www.youtube.com/watch?v=66cFpax3Q3Q,,276.0,OFFSET-V12,wave1,,auto
WHFiP-5FMYU,"How to Edit, Duplicate, Delete and Recalculate Toolpaths | Toolpath FAQs | V12.5 Tutorials",https://www.youtube.com/watch?v=WHFiP-5FMYU,,313.0,TPFAQ-V12,wave1,,auto
Xnj195VAW04,How to Preview Toolpaths | Toolpath FAQs | V12.5 Tutorials,https://www.youtube.com/watch?v=Xnj195VAW04,,1082.0,TPFAQ-V12,wave1,,auto
Txafg3oN8c0,How to save toolpaths in Vectric software | Toolpath FAQ's | V12 Tutorials,https://www.youtube.com/watch?v=Txafg3oN8c0,,855.0,TPFAQ-V12,wave1,,auto
W2P2EhRRjg8,How to set-up your machine configuration in Vectric software | Toolpath FAQ's | V12 Tutorials,https://www.youtube.com/watch?v=W2P2EhRRjg8,,917.0,TPFAQ-V12,wave1,,auto
YNfSato4LvM,How to set-up your material in Vectric software | Toolpath FAQ's | V12 Tutorials,https://www.youtube.com/watch?v=YNfSato4LvM,,590.0,TPFAQ-V12,wave1,,auto
0FkoKHrktJE,How to use the tool database in Vectric software | Toolpath FAQ's | V12 Tutorials,https://www.youtube.com/watch?v=0FkoKHrktJE,,979.0,TPFAQ-V12,wave1,,auto
JG9x0dAr3WI,How to align objects in Vectric software | Transforming Objects | V12 Tutorials,https://www.youtube.com/watch?v=JG9x0dAr3WI,,256.0,TRANSFORM-V12,wave1,,auto
AD95uqxZWpg,How to mirror objects in Vectric software | Transforming Objects | V12 Tutorials,https://www.youtube.com/watch?v=AD95uqxZWpg,,256.0,TRANSFORM-V12,wave1,,auto
1-xjiMnIHE8,How to move objects in Vectric software | Transforming Objects | V12 Tutorials,https://www.youtube.com/watch?v=1-xjiMnIHE8,,275.0,TRANSFORM-V12,wave1,,auto
9_X3gIyPGMM,How to rotate objects in Vectric software | Transforming Objects | V12 Tutorials,https://www.youtube.com/watch?v=9_X3gIyPGMM,,234.0,TRANSFORM-V12,wave1,,auto
MuZTZnmnU5c,How to set the size of objects in Vectric software | Transforming Objects | V12 Tutorials,https://www.youtube.com/watch?v=MuZTZnmnU5c,,292.0,TRANSFORM-V12,wave1,,auto
8o1ckYbr9tY,How to use the PhotoVCarve toolpath in Vectric software | 2.5D Toolpaths | V12 Tutorials,https://www.youtube.com/watch?v=8o1ckYbr9tY,,1216.0,25DTOOLPATH-V12,skip,photo V-carve excluded,
J1pR89ObO6g,How to use the VCarve inlay toolpath in Vectric software | 2.5D Toolpaths | V12 Tutorials,https://www.youtube.com/watch?v=J1pR89ObO6g,,889.0,25DTOOLPATH-V12,wave2,defer: vcarve inlay,
izFO02etvTg,How to use the chamfer toolpath in Vectric software | 2.5D Toolpaths | V12 Tutorials,https://www.youtube.com/watch?v=izFO02etvTg,,1304.0,25DTOOLPATH-V12,wave2,defer: chamfer,
4_WbZoZeVvY,How to use the fluting toolpath in Vectric software | 2.5D Toolpaths | V12 Tutorials,https://www.youtube.com/watch?v=4_WbZoZeVvY,,1090.0,25DTOOLPATH-V12,wave2,defer: fluting,
pBkxXN4lz88,How to use the moulding toolpath in Vectric software | 2.5D Toolpaths | V12 Tutorials,https://www.youtube.com/watch?v=pBkxXN4lz88,,1143.0,25DTOOLPATH-V12,wave2,defer: moulding,
MM-satiPXgg,How to use the prism toolpath in Vectric software | 2.5D Toolpaths | V12 Tutorials,https://www.youtube.com/watch?v=MM-satiPXgg,,132.0,25DTOOLPATH-V12,wave2,defer: prism toolpath,
T20Snbn9ACc,How to use the sketch carving toolpath | 2.5D Toolpaths | V12.5 Tutorials,https://www.youtube.com/watch?v=T20Snbn9ACc,,1267.0,25DTOOLPATH-V12,wave2,defer: sketch carving,
LXQai4Dt264,How to use the texture toolpath in Vectric software | 2.5D Toolpaths | V12 Tutorials,https://www.youtube.com/watch?v=LXQai4Dt264,,868.0,25DTOOLPATH-V12,skip,decorative texture tooling,
-gbQ2eUJ4kw,How to use the auto inlay toolpath in Vectric software | 2D Toolpaths | V12 Tutorials,https://www.youtube.com/watch?v=-gbQ2eUJ4kw,,884.0,2DTOOLPATH-V12,wave2,defer: auto inlay,
JoYrjnIRXhk,How to use the threadmilling toolpath in Vectric software | 2D Toolpaths | V12 Tutorials,https://www.youtube.com/watch?v=JoYrjnIRXhk,,1257.0,2DTOOLPATH-V12,skip,threadmilling niche,
rJ3wOr1YjVA,How to make a 3D project with Design & Make models in Vectric software | 3D Assembly | V12 Tutorials,https://www.youtube.com/watch?v=rJ3wOr1YjVA,,1395.0,3DASSEMBLY-V12,skip,Design&Make marketing/model shop,
cr9-TgbLNwA,'ON AIR' Sign | In the Labs Vectric | FREE CNC Projects,https://www.youtube.com/watch?v=cr9-TgbLNwA,,1889.0,CHANNEL,skip,project/marketing fluff,
VxZwzEN1ELk,'ON AIR' Sign | Vectric FREE CNC Projects #short #shorts,https://www.youtube.com/watch?v=VxZwzEN1ELk,,NA,CHANNEL,skip,project/marketing fluff,
90-5uZO9qGE,2 Sided Machining - Leaf Bowl - Practical,https://www.youtube.com/watch?v=90-5uZO9qGE,,564.0,CHANNEL,wave2,uncategorized tutorial,
Tk92ayrFiT0,2 Tool Pocket Prism Carve Multi-Color Preview,https://www.youtube.com/watch?v=Tk92ayrFiT0,,995.0,CHANNEL,wave2,uncategorized tutorial,
1Ks7KTyY_9I,2.5D House Sign with Charlie | Vectric Worldwide UGM 2023,https://www.youtube.com/watch?v=1Ks7KTyY_9I,,2581.0,CHANNEL,skip,project/marketing fluff,
EEdH48ex9CI,2.5D Texturing Toolpaths,https://www.youtube.com/watch?v=EEdH48ex9CI,,958.0,CHANNEL,wave2,uncategorized tutorial,
dM1bLS0-zdQ,2D View Overview,https://www.youtube.com/watch?v=dM1bLS0-zdQ,,484.0,CHANNEL,wave2,uncategorized tutorial,
lK3aHt6i3N0,3 Gifts Zero Design Skills | Vectric EasyCarve,https://www.youtube.com/watch?v=lK3aHt6i3N0,,1720.0,CHANNEL,skip,EasyCarve/EasyCreate consumer line,
GPrI-5fZ2RI,3 Legged Table - Drawing | Vectric V11 Tutorials,https://www.youtube.com/watch?v=GPrI-5fZ2RI,,871.0,CHANNEL,wave2,older-version duplicate of V12 tutorial,
rgIPh1bBsm0,3 Legged Table | 2D Toolpaths | V9,https://www.youtube.com/watch?v=rgIPh1bBsm0,,744.0,CHANNEL,wave2,older-version duplicate of V12 tutorial,
TAtlXMeTJC8,3 Legged Table | Vector Drawing | V9,https://www.youtube.com/watch?v=TAtlXMeTJC8,,1109.0,CHANNEL,wave2,older-version duplicate of V12 tutorial,
rvJLZSXon2c,3 Legged Table | Vectric V11 Tutorials,https://www.youtube.com/watch?v=rvJLZSXon2c,,882.0,CHANNEL,wave2,older-version duplicate of V12 tutorial,
NtTKD5Xt1So,3 Quick Vectric Tips You Might Not Know 👀✨,https://www.youtube.com/watch?v=NtTKD5Xt1So,,NA,CHANNEL,wave2,uncategorized tutorial,
GnwlNDtTxxo,3D Art Installation From Concept To Cut | Vectric Online UGM 2025,https://www.youtube.com/watch?v=GnwlNDtTxxo,,4307.0,CHANNEL,skip,project/marketing fluff,
tN7uugHO-Bs,3D Gorilla's Head Slicing & Tooling by Todd | Vectric Worldwide UGM 2020,https://www.youtube.com/watch?v=tN7uugHO-Bs,,3685.0,CHANNEL,skip,project/marketing fluff,
bPwN2Bg7Eh0,3D Modeling - The Making of Victor with Todd | Vectric Worldwide UGM 2023,https://www.youtube.com/watch?v=bPwN2Bg7Eh0,,3521.0,CHANNEL,skip,project/marketing fluff,
IrtLiUBbfdk,3D Modelling a Gorilla's Head by Todd | Vectric Worldwide UGM 2020,https://www.youtube.com/watch?v=IrtLiUBbfdk,,3085.0,CHANNEL,skip,project/marketing fluff,
eWmFewwEeOI,3D Segmenting with Todd | Vectric Worldwide UGM 2021,https://www.youtube.com/watch?v=eWmFewwEeOI,,4436.0,CHANNEL,skip,project/marketing fluff,
lgjYgIKRy9U,3D Tiling 3D Toolpaths,https://www.youtube.com/watch?v=lgjYgIKRy9U,,834.0,CHANNEL,wave2,uncategorized tutorial,
fK2MnubD2Xs,3D Tiling | 3D Toolpaths | V9,https://www.youtube.com/watch?v=fK2MnubD2Xs,,907.0,CHANNEL,wave2,older-version duplicate of V12 tutorial,
Cb6YhS9Uo9I,3D Tiling | Vectric V11 Tutorials,https://www.youtube.com/watch?v=Cb6YhS9Uo9I,,750.0,CHANNEL,wave2,older-version duplicate of V12 tutorial,
O7-B6qO02A4,3D View Overview,https://www.youtube.com/watch?v=O7-B6qO02A4,,480.0,CHANNEL,wave2,uncategorized tutorial,
N0qzVOepa64,6 CNC Projects In Two Days | Vectric EasyCarve,https://www.youtube.com/watch?v=N0qzVOepa64,,2186.0,CHANNEL,skip,EasyCarve/EasyCreate consumer line,
0khIbhm6MTo,A Step-by-Step Guide to Creating Stunning Inlays in Vectric Software | Vectric Online UGM 2025,https://www.youtube.com/watch?v=0khIbhm6MTo,,3024.0,CHANNEL,skip,project/marketing fluff,
CXrX9f-I12A,A brand-new FREE CNC project is live 🎉,https://www.youtube.com/watch?v=CXrX9f-I12A,,NA,CHANNEL,wave2,uncategorized tutorial,
29f9T-CWL3U,A creative twist on EasyCarve! 💡,https://www.youtube.com/watch?v=29f9T-CWL3U,,NA,CHANNEL,skip,EasyCarve/EasyCreate consumer line,
SIRvf2nJ78M,A creative twist on EasyCarve! 💡,https://www.youtube.com/watch?v=SIRvf2nJ78M,,NA,CHANNEL,skip,EasyCarve/EasyCreate consumer line,
64sbKkF5Xsc,A little throwback to this giant X and O game we made for Makers Central last year ☀️🎯,https://www.youtube.com/watch?v=64sbKkF5Xsc,,NA,CHANNEL,wave2,uncategorized tutorial,
KlO_A3XOBFQ,"A retirement gift made in minutes, carved with meaning",https://www.youtube.com/watch?v=KlO_A3XOBFQ,,NA,CHANNEL,wave2,uncategorized tutorial,
L33dgHGHSTc,A01s - Bulls Head - Short Version,https://www.youtube.com/watch?v=L33dgHGHSTc,,525.0,CHANNEL,wave2,uncategorized tutorial,
VGZW4raPdTA,A02 - Open Sign,https://www.youtube.com/watch?v=VGZW4raPdTA,,2019.0,CHANNEL,wave2,uncategorized tutorial,
84j_h3bImLI,A02s - Open Sign - Short Version,https://www.youtube.com/watch?v=84j_h3bImLI,,862.0,CHANNEL,wave2,uncategorized tutorial,
WbgyUHB0udo,A03 - Liberator Logo,https://www.youtube.com/watch?v=WbgyUHB0udo,,1531.0,CHANNEL,wave2,uncategorized tutorial,
1YOO2vHJpv0,A03s - Liberator Logo - Short Version,https://www.youtube.com/watch?v=1YOO2vHJpv0,,620.0,CHANNEL,wave2,uncategorized tutorial,
b0JM_iUf_4g,A04 - Importing 3D Clipart,https://www.youtube.com/watch?v=b0JM_iUf_4g,,1736.0,CHANNEL,wave2,uncategorized tutorial,
dk7uOCy1XJ8,A04s - Importing 3D Clipart - Short Version,https://www.youtube.com/watch?v=dk7uOCy1XJ8,,636.0,CHANNEL,wave2,uncategorized tutorial,
U-xUazjW82c,A05 - Teddy Bear Head,https://www.youtube.com/watch?v=U-xUazjW82c,,2048.0,CHANNEL,wave2,uncategorized tutorial,
2u2DsTgAEIk,A05s - Teddy Bear Head - Short Version,https://www.youtube.com/watch?v=2u2DsTgAEIk,,608.0,CHANNEL,wave2,uncategorized tutorial,
UgmggmTQJA4,A06 - Shell Sign,https://www.youtube.com/watch?v=UgmggmTQJA4,,1879.0,CHANNEL,wave2,uncategorized tutorial,
CaDJnxsQMfc,A06s - Shell Sign - Short Version,https://www.youtube.com/watch?v=CaDJnxsQMfc,,661.0,CHANNEL,wave2,uncategorized tutorial,
8aDwgs_jVmE,A07 - Import 3D Data Machinist,https://www.youtube.com/watch?v=8aDwgs_jVmE,,2239.0,CHANNEL,wave2,uncategorized tutorial,
JI4cRKCEbFI,A07s - Import 3D Data Machinist - Short Version,https://www.youtube.com/watch?v=JI4cRKCEbFI,,509.0,CHANNEL,wave2,uncategorized tutorial,
07S1EBsu11s,Abigail's Tea Tray Project | Vectric FREE CNC Projects #shorts,https://www.youtube.com/watch?v=07S1EBsu11s,,NA,CHANNEL,skip,project/marketing fluff,
MlmLTq3dVmo,Advanced CNC FREE Projects | Winter MAKE OFF | In The Labs with Vectric | Vectric FREE CNC Projects,https://www.youtube.com/watch?v=MlmLTq3dVmo,,2054.0,CHANNEL,skip,project/marketing fluff,
oWQpShuxrgw,Advanced Toolpath Strategies - Plywood & Plastics by Sami & Cory | Vectric Worldwide UGM 2020,https://www.youtube.com/watch?v=oWQpShuxrgw,,3445.0,CHANNEL,skip,project/marketing fluff,
TEMc-ZKXaTA,Advanced Toolpath Strategies Aluminium & Brass by Sami & Cory | Vectric Worldwide UGM 2020,https://www.youtube.com/watch?v=TEMc-ZKXaTA,,3211.0,CHANNEL,skip,project/marketing fluff,
4SYosjkgioY,Arcade Game | Making Slot-Together Game Machine | In the Labs with Beki | Vectric FREE CNC Projects,https://www.youtube.com/watch?v=4SYosjkgioY,,2182.0,CHANNEL,skip,project/marketing fluff,
rIi7_2aI5EE,Array Copy & Merging Toolpaths Guide | General Topics | V9,https://www.youtube.com/watch?v=rIi7_2aI5EE,,1493.0,CHANNEL,wave2,older-version duplicate of V12 tutorial,
3JcUpvhxtYA,Array Copy & Merging Toolpaths Guide | Vectric V11 Tutorials,https://www.youtube.com/watch?v=3JcUpvhxtYA,,1324.0,CHANNEL,wave2,older-version duplicate of V12 tutorial,
hbjebKbZNS4,Aspire - 2D Design Overview,https://www.youtube.com/watch?v=hbjebKbZNS4,,466.0,CHANNEL,wave2,uncategorized tutorial,
pKQnYzotpLQ,Aspire - 3D Design Overview,https://www.youtube.com/watch?v=pKQnYzotpLQ,,227.0,CHANNEL,wave2,uncategorized tutorial,
KK96tb8sXPE,Aspire - 3D Machining Tutorial,https://www.youtube.com/watch?v=KK96tb8sXPE,,254.0,CHANNEL,wave2,uncategorized tutorial,
QO3NzYJM3kg,Aspire - 3D Modelling Overview,https://www.youtube.com/watch?v=QO3NzYJM3kg,,244.0,CHANNEL,wave2,uncategorized tutorial,
V7UbccVNPSs,Aspire - Creating 3D Shapes,https://www.youtube.com/watch?v=V7UbccVNPSs,,474.0,CHANNEL,wave2,uncategorized tutorial,
mvNsno-HJpQ,Aspire - Getting Started Overview and Getting Help,https://www.youtube.com/watch?v=mvNsno-HJpQ,,342.0,CHANNEL,wave2,legacy getting-started overview (superseded by V12 GS),
Gqy3az2Xca4,Aspire - Importing 3D CAD Models Overview,https://www.youtube.com/watch?v=Gqy3az2Xca4,,617.0,CHANNEL,wave2,uncategorized tutorial,
kON0ADSeGzw,Aspire - Interactive Sculpting 3D shapes,https://www.youtube.com/watch?v=kON0ADSeGzw,,619.0,CHANNEL,skip,sculpting deep-dive post-lean,
RsQImTFuuqY,Aspire 3.0 Beta Preview - Component Modification,https://www.youtube.com/watch?v=RsQImTFuuqY,,390.0,CHANNEL,wave2,uncategorized tutorial,
LJNUjltGp-o,Aspire 4 - What's New - Example 1 of 2,https://www.youtube.com/watch?v=LJNUjltGp-o,,1628.0,CHANNEL,wave2,uncategorized tutorial,
CK8HqMZJ0ZE,Aspire 4 - What's New - Example 2 of 2,https://www.youtube.com/watch?v=CK8HqMZJ0ZE,,2126.0,CHANNEL,wave2,uncategorized tutorial,
01qWUoG1NJ8,Aspire Clipart Guide,https://www.youtube.com/watch?v=01qWUoG1NJ8,,1342.0,CHANNEL,wave2,uncategorized tutorial,
eJqtReaDBk4,Aspire Clipart Guide | Vectric V11 Tutorials,https://www.youtube.com/watch?v=eJqtReaDBk4,,1733.0,CHANNEL,wave2,older-version duplicate of V12 tutorial,
H266iMILXOk,Aspire v3 - What's New - 2-Rail Sweep,https://www.youtube.com/watch?v=H266iMILXOk,,553.0,CHANNEL,wave2,uncategorized tutorial,
vSWR6JRJkTc,Aspire v3 - What's New - Component Distortion,https://www.youtube.com/watch?v=vSWR6JRJkTc,,475.0,CHANNEL,wave2,uncategorized tutorial,
xoWvzSFl9KA,Aspire v3 - What's New - Component Manipulation,https://www.youtube.com/watch?v=xoWvzSFl9KA,,383.0,CHANNEL,wave2,uncategorized tutorial,
PeD44MdGSss,Aspire v3 - What's New - Component Selection,https://www.youtube.com/watch?v=PeD44MdGSss,,424.0,CHANNEL,wave2,uncategorized tutorial,
aQM3GGKBddg,Aspire v3 - What's New - Component Visibility,https://www.youtube.com/watch?v=aQM3GGKBddg,,243.0,CHANNEL,wave2,uncategorized tutorial,
cTcIlJOTp14,Aspire v3 - What's New - Interface Layout,https://www.youtube.com/watch?v=cTcIlJOTp14,,343.0,CHANNEL,skip,Aspire v3 what's-new marketing,
W7IrLEYqz48,Aspire v3 - What's New - Tool Database Organization,https://www.youtube.com/watch?v=W7IrLEYqz48,,210.0,CHANNEL,skip,Aspire v3 what's-new marketing,
p9anN9_SLq0,Aspire v3 - What's New - Toolpath Templates,https://www.youtube.com/watch?v=p9anN9_SLq0,,449.0,CHANNEL,wave2,uncategorized tutorial,
HntQJ7b0HBI,Auto Inlay,https://www.youtube.com/watch?v=HntQJ7b0HBI,,844.0,CHANNEL,wave2,defer: auto inlay,
l3EtZdE04BU,Auto Inlay Toolpath Guide,https://www.youtube.com/watch?v=l3EtZdE04BU,,1235.0,CHANNEL,wave2,defer: auto inlay,
cjxNKaQmGMI,Auto Inlay Toolpath Guide | Vectric V11 Tutorials,https://www.youtube.com/watch?v=cjxNKaQmGMI,,1355.0,CHANNEL,wave2,older-version duplicate of V12 tutorial,
6fqg8QCrdKQ,Avalon Nameplate | Getting Started | V9,https://www.youtube.com/watch?v=6fqg8QCrdKQ,,1513.0,CHANNEL,wave2,older-version duplicate of V12 tutorial,
3hDQyd6x3x8,Avalon Nameplate | Vectric V11 Tutorials,https://www.youtube.com/watch?v=3hDQyd6x3x8,,1748.0,CHANNEL,wave2,older-version duplicate of V12 tutorial,
NaqmMW97Yek,B01 - VCarve Pro Overview,https://www.youtube.com/watch?v=NaqmMW97Yek,,739.0,CHANNEL,wave2,legacy training-series video,
eImztt7uUrY,B02 - VCarve Pro - Guide to the Interface,https://www.youtube.com/watch?v=eImztt7uUrY,,1213.0,CHANNEL,wave2,legacy training-series video,
YtSVWDFn66Q,B03 - Aspire Overview,https://www.youtube.com/watch?v=YtSVWDFn66Q,,874.0,CHANNEL,wave2,legacy training-series video,
aYK88LRyW3s,B04 -- Guide to the Aspire Interface,https://www.youtube.com/watch?v=aYK88LRyW3s,,1559.0,CHANNEL,wave2,legacy training-series video,
z5EfY72KGWg,B05 -- Getting Help,https://www.youtube.com/watch?v=z5EfY72KGWg,,453.0,CHANNEL,wave2,legacy training-series video,
DTPa7TviRVA,B06 -- Guide to the Aspire Clipart,https://www.youtube.com/watch?v=DTPa7TviRVA,,753.0,CHANNEL,wave2,legacy training-series video,
5qjuGmns-Js,BBQ Caddy Project with Axiom Precision | Vectric FREE CNC Project,https://www.youtube.com/watch?v=5qjuGmns-Js,,3105.0,CHANNEL,wave2,uncategorized tutorial,
PQqL0ndqon0,"BRAND NEW USER INTERFACE - Cut2D, VCarve & Aspire in V12 🎉 #shorts",https://www.youtube.com/watch?v=PQqL0ndqon0,,NA,CHANNEL,skip,short-form promo,
DSovvmJR8F4,Back Garden Grill Sign | Making a Beginners CNC Sign | In The Labs with Vectric | FREE CNC Projects,https://www.youtube.com/watch?v=DSovvmJR8F4,,1262.0,CHANNEL,skip,project/marketing fluff,
-ZJEO-Wl6Nk,Back with 3 more Vectric tips you need to know 👇,https://www.youtube.com/watch?v=-ZJEO-Wl6Nk,,NA,CHANNEL,wave2,uncategorized tutorial,
ezfghIaSdPQ,Banana Split Banana Holder | Michael Tylers FREE Project of the Month | Vectric,https://www.youtube.com/watch?v=ezfghIaSdPQ,,1379.0,CHANNEL,skip,project/marketing fluff,
qU2HMhoN7Tc,Banners and Ribbons - Drawing | Vectric V11 Tutorials,https://www.youtube.com/watch?v=qU2HMhoN7Tc,,1918.0,CHANNEL,wave2,older-version duplicate of V12 tutorial,
ec_vq_rHYcc,Banners and Ribbons | 3D Modeling | V9,https://www.youtube.com/watch?v=ec_vq_rHYcc,,1279.0,CHANNEL,wave2,older-version duplicate of V12 tutorial,
vHzBgrlg2To,Banners and Ribbons | Vector Drawing | V9,https://www.youtube.com/watch?v=vHzBgrlg2To,,1680.0,CHANNEL,wave2,older-version duplicate of V12 tutorial,
9mhfETp6hrU,Banners and Ribbons | Vectric V11 Tutorials,https://www.youtube.com/watch?v=9mhfETp6hrU,,1416.0,CHANNEL,wave2,older-version duplicate of V12 tutorial,
qOcbtBJK-Ls,Beer Cap Catcher,https://www.youtube.com/watch?v=qOcbtBJK-Ls,,NA,CHANNEL,wave2,uncategorized tutorial,
NOjKUayBbaM,Beer Tote Assembly,https://www.youtube.com/watch?v=NOjKUayBbaM,,66.0,CHANNEL,wave2,uncategorized tutorial,
txVbmfsoRpA,Beginner CNC FREE Projects | Winter MAKE OFF | In The Labs with Vectric | Vectric FREE CNC Projects,https://www.youtube.com/watch?v=txVbmfsoRpA,,1455.0,CHANNEL,skip,project/marketing fluff,
v5F6hyPi634,Beki & Todd’s American-Style Sign,https://www.youtube.com/watch?v=v5F6hyPi634,,NA,CHANNEL,wave2,uncategorized tutorial,
NjwCDeWqGuU,Beki has the checklist… Todd has the suitcase… but has anyone told him where they’re going? 👀😂,https://www.youtube.com/watch?v=NjwCDeWqGuU,,NA,CHANNEL,wave2,uncategorized tutorial,
iJ-pfs9yZ6M,Believe It or Else by Michael Tyler | Vectric Worldwide UGM 2020,https://www.youtube.com/watch?v=iJ-pfs9yZ6M,,3601.0,CHANNEL,skip,project/marketing fluff,
S5U7nK3VPsU,Bevelled Edges,https://www.youtube.com/watch?v=S5U7nK3VPsU,,621.0,CHANNEL,wave2,uncategorized tutorial,
WtrVN7sFu_A,Big CNC ideas… now made simple 👀,https://www.youtube.com/watch?v=WtrVN7sFu_A,,NA,CHANNEL,wave2,uncategorized tutorial,
rf4WvgghiVw,Big Vectric Announcement,https://www.youtube.com/watch?v=rf4WvgghiVw,,2280.0,CHANNEL,wave2,uncategorized tutorial,
3QlRLkY8fkQ,Birdie Project Modeling Tips | Vectric FREE CNC Projects #shorts,https://www.youtube.com/watch?v=3QlRLkY8fkQ,,NA,CHANNEL,skip,project/marketing fluff,
6Y_ceiYdx_o,Blumenmodell importieren | Vectric Tutorials,https://www.youtube.com/watch?v=6Y_ceiYdx_o,,1788.0,CHANNEL,wave2,uncategorized tutorial,
6suMmQbuf7Q,Bringing Play To The Workshop | Vectric Online UGM 2025,https://www.youtube.com/watch?v=6suMmQbuf7Q,,2027.0,CHANNEL,skip,project/marketing fluff,
_4n5ujuIsTw,Bulls Head | Getting Started | V9,https://www.youtube.com/watch?v=_4n5ujuIsTw,,1701.0,CHANNEL,wave2,older-version duplicate of V12 tutorial,
eJuGtDkx3lE,Bulls Head | Vectric V11 Tutorials,https://www.youtube.com/watch?v=eJuGtDkx3lE,,1647.0,CHANNEL,wave2,older-version duplicate of V12 tutorial,
053iysNUFE0,C03A - Vectric Widget - Vector Design,https://www.youtube.com/watch?v=053iysNUFE0,,1785.0,CHANNEL,wave2,uncategorized tutorial,
iFZxn31-rIc,C03C - Vectric Widget - Toolpath Creation,https://www.youtube.com/watch?v=iFZxn31-rIc,,2480.0,CHANNEL,wave2,uncategorized tutorial,
XxHqOJ35oKk,C04A - Five Star Coffee Sign - Edit Vectors,https://www.youtube.com/watch?v=XxHqOJ35oKk,,2005.0,CHANNEL,wave2,legacy C04 series (dup of V12 vectors),
OWqF5ioh_ic,C04C - Five Star Coffee Sign - Toolpath Creation,https://www.youtube.com/watch?v=OWqF5ioh_ic,,1272.0,CHANNEL,wave2,legacy C04 series (dup of V12 toolpaths),
_P-5a-QEL_s,C05A - US Buckle Photo - Vector Design,https://www.youtube.com/watch?v=_P-5a-QEL_s,,1603.0,CHANNEL,wave2,uncategorized tutorial,
GxR8g53WBfk,C05C - US Buckle Photo - Toolpath Creation,https://www.youtube.com/watch?v=GxR8g53WBfk,,1306.0,CHANNEL,wave2,uncategorized tutorial,
SmxDjrGoE7I,C06C - Howling Wolf Sign - Toolpath Creation,https://www.youtube.com/watch?v=SmxDjrGoE7I,,2368.0,CHANNEL,wave2,uncategorized tutorial,
sHCMp1b2okc,C07A - Gothic Quatrefoils - Vector Design,https://www.youtube.com/watch?v=sHCMp1b2okc,,1600.0,CHANNEL,wave2,uncategorized tutorial,
KC58d-IrBYY,C07C - Gothic Quatrefoils - Toolpath Creation,https://www.youtube.com/watch?v=KC58d-IrBYY,,2369.0,CHANNEL,wave2,uncategorized tutorial,
hlshuVZ4AtM,C08A - Raised Panel Door - Vector Design,https://www.youtube.com/watch?v=hlshuVZ4AtM,,1091.0,CHANNEL,wave2,uncategorized tutorial,
sPImAN73fPo,C08C - Raised Panel Door - Toolpath Creation,https://www.youtube.com/watch?v=sPImAN73fPo,,1197.0,CHANNEL,wave2,uncategorized tutorial,
w8cOO6JjlJY,CNC Mini Project | 3D Assembly | V9,https://www.youtube.com/watch?v=w8cOO6JjlJY,,1933.0,CHANNEL,wave2,older-version duplicate of V12 tutorial,
MfD4q80AjbY,CNC Mini Project | 3D Toolpaths | V9,https://www.youtube.com/watch?v=MfD4q80AjbY,,1095.0,CHANNEL,wave2,older-version duplicate of V12 tutorial,
JIHuvYiMvMM,CNC Stencil Art | Making 3D Stencil on your CNC | In the Labs with Olly | Vectric FREE CNC Projects,https://www.youtube.com/watch?v=JIHuvYiMvMM,,1389.0,CHANNEL,skip,project/marketing fluff,
205apJCU9SA,CO1A - Rocket Nameplate - Vector Design,https://www.youtube.com/watch?v=205apJCU9SA,,909.0,CHANNEL,wave2,uncategorized tutorial,
b65KfBSyN8o,CO1C - Rocket Nameplate - Toolpath Creation,https://www.youtube.com/watch?v=b65KfBSyN8o,,971.0,CHANNEL,wave2,uncategorized tutorial,
R5Nj1FbxPts,CO2A - 3 Legged Table - Edit Vectors,https://www.youtube.com/watch?v=R5Nj1FbxPts,,1473.0,CHANNEL,wave2,uncategorized tutorial,
ks8Xatjmcag,CO2C - 3 Legged Table - Toolpath Creation,https://www.youtube.com/watch?v=ks8Xatjmcag,,1227.0,CHANNEL,wave2,uncategorized tutorial,
XOH4XIhBC-g,Cabinet Door Panel,https://www.youtube.com/watch?v=XOH4XIhBC-g,,1818.0,CHANNEL,skip,cabinet import non-goal,
lVgQJItJ2q0,Cabinet Door | Vectric EasyCarve #short #shorts,https://www.youtube.com/watch?v=lVgQJItJ2q0,,NA,CHANNEL,skip,cabinet import non-goal,
Px-iOwS7-mE,Catching up with our community never gets old,https://www.youtube.com/watch?v=Px-iOwS7-mE,,NA,CHANNEL,wave2,uncategorized tutorial,
beMuqjCH_Tc,Ceiling Rosette | Vectric EasyCarve #short #shorts,https://www.youtube.com/watch?v=beMuqjCH_Tc,,NA,CHANNEL,skip,EasyCarve/EasyCreate consumer line,
YSNgzof90jk,Celtic Box Top | Vectric EasyCarve #short #shorts,https://www.youtube.com/watch?v=YSNgzof90jk,,NA,CHANNEL,skip,EasyCarve/EasyCreate consumer line,
PPP39tN8OQI,Chamfer Toolpath Guide | Vectric V11 Tutorials,https://www.youtube.com/watch?v=PPP39tN8OQI,,1331.0,CHANNEL,wave2,older-version duplicate of V12 tutorial,
Ghmkbe-Vi6s,Children's Toolbox with Beki | Vectric's Christmas Toy Shop | Day 2 | Vectric FREE CNC Projects,https://www.youtube.com/watch?v=Ghmkbe-Vi6s,,955.0,CHANNEL,skip,project/marketing fluff,
8dP-jpvJDPQ,Childs Name Plaque | 2D Toolpaths | V9,https://www.youtube.com/watch?v=8dP-jpvJDPQ,,988.0,CHANNEL,wave2,older-version duplicate of V12 tutorial,
aL4FhnYxQ7A,Childs Name Plaque | Vector Drawing | V9,https://www.youtube.com/watch?v=aL4FhnYxQ7A,,1601.0,CHANNEL,wave2,older-version duplicate of V12 tutorial,
eg_hzV_Wy_c,Christmas Bunting with Beki | The 12 Projects of Christmas Day 3 | Vectric Project,https://www.youtube.com/watch?v=eg_hzV_Wy_c,,799.0,CHANNEL,skip,project/marketing fluff,
7j7MQq1s7k4,Christmas Candle Holder with Beki | The 12 Projects of Christmas Day 7 | Vectric Project,https://www.youtube.com/watch?v=7j7MQq1s7k4,,800.0,CHANNEL,skip,project/marketing fluff,
hiQDgB61Yno,Christmas Growth Chart with Todd | The 12 Projects of Christmas Day 6 | Vectric Project,https://www.youtube.com/watch?v=hiQDgB61Yno,,1025.0,CHANNEL,skip,project/marketing fluff,
FEWWaC0JVrU,Christmas Marble Maze with Todd | The 12 Projects of Christmas Day 4 | Vectric Project,https://www.youtube.com/watch?v=FEWWaC0JVrU,,876.0,CHANNEL,skip,project/marketing fluff,
Dp6K_5Ra6b8,Christmas Snowman with Beki | The 12 Projects of Christmas Day 5 | Vectric Project,https://www.youtube.com/watch?v=Dp6K_5Ra6b8,,827.0,CHANNEL,skip,project/marketing fluff,
_z30lehpd60,Christmas Tree Decorations with Beki | The 12 Projects of Christmas Day 11 | Vectric Project,https://www.youtube.com/watch?v=_z30lehpd60,,745.0,CHANNEL,skip,project/marketing fluff,
KxHtcH-IT3M,Christmas Wine Bottle Stoppers with Todd | The 12 Projects of Christmas Day 12 | Vectric Project,https://www.youtube.com/watch?v=KxHtcH-IT3M,,997.0,CHANNEL,skip,project/marketing fluff,
3TKbpMQpu8I,Circus Trailer - Olivier Verdier | Vectric Worldwide UGM 2023,https://www.youtube.com/watch?v=3TKbpMQpu8I,,1770.0,CHANNEL,skip,project/marketing fluff,
3_K6OSVV7D8,Coat Of Arms | 3D Assembly | V9,https://www.youtube.com/watch?v=3_K6OSVV7D8,,1752.0,CHANNEL,wave2,older-version duplicate of V12 tutorial,
fyU44H34e6A,Coat of Arms 3D Assembly by Michael Mezalick | Vectric Worldwide UGM 2020,https://www.youtube.com/watch?v=fyU44H34e6A,,1531.0,CHANNEL,skip,project/marketing fluff,
LTnBdEGGh04,Component Management,https://www.youtube.com/watch?v=LTnBdEGGh04,,751.0,CHANNEL,wave2,uncategorized tutorial,
AQxtvxjndms,Component Tree Guide | 3D Modeling | V9,https://www.youtube.com/watch?v=AQxtvxjndms,,1419.0,CHANNEL,wave2,older-version duplicate of V12 tutorial,
Z-PD8t6NAlA,Component Tree Guide | Vectric V11 Tutorials,https://www.youtube.com/watch?v=Z-PD8t6NAlA,,1229.0,CHANNEL,wave2,older-version duplicate of V12 tutorial,
PNPNT5Dxbqs,Con Rod | 2D Toolpaths | V9,https://www.youtube.com/watch?v=PNPNT5Dxbqs,,1347.0,CHANNEL,wave2,older-version duplicate of V12 tutorial,
Abzed4uU0yk,Con Rod | Vectric V11 Tutorials,https://www.youtube.com/watch?v=Abzed4uU0yk,,2042.0,CHANNEL,wave2,older-version duplicate of V12 tutorial,
LnaMYTnpJY4,Crafting An Impactful Multi-Material Sign Part 1 | Vectric Online UGM 2025,https://www.youtube.com/watch?v=LnaMYTnpJY4,,2503.0,CHANNEL,skip,project/marketing fluff,
Su8yWsGqP7E,Crafting An Impactful Multi-Material Sign Part 2 | Vectric Online UGM 2025,https://www.youtube.com/watch?v=Su8yWsGqP7E,,3406.0,CHANNEL,skip,project/marketing fluff,
t91BbgJUXTA,Crafting Decorative Boxes and Custom Foam Inserts | Vectric Online UGM 2025,https://www.youtube.com/watch?v=t91BbgJUXTA,,2179.0,CHANNEL,skip,project/marketing fluff,
gZQIrtrlQ-E,Create Shape Guide | 3D Modeling | V9,https://www.youtube.com/watch?v=gZQIrtrlQ-E,,1689.0,CHANNEL,wave2,older-version duplicate of V12 tutorial,
1OZVCOYlYy8,Create Shape Guide | Vectric V11 Tutorials,https://www.youtube.com/watch?v=1OZVCOYlYy8,,2840.0,CHANNEL,wave2,older-version duplicate of V12 tutorial,
IGznnaJZYBI,Create Shape Overview,https://www.youtube.com/watch?v=IGznnaJZYBI,,767.0,CHANNEL,wave2,uncategorized tutorial,
f7dySD2E9lI,Create Your Own Gadgets by Mike | Vectric Worldwide UGM 2020,https://www.youtube.com/watch?v=f7dySD2E9lI,,3386.0,CHANNEL,skip,project/marketing fluff,
Y0EmobBgsO8,Create Your Own Kitchen Accessories For Free With Our Latest Project. 🍴✨,https://www.youtube.com/watch?v=Y0EmobBgsO8,,NA,CHANNEL,wave2,uncategorized tutorial,
BfaUiErqnFM,Create your 3D model in EasyCreate ✨,https://www.youtube.com/watch?v=BfaUiErqnFM,,NA,CHANNEL,skip,EasyCarve/EasyCreate consumer line,
iG3EMdeF0t8,Creating a Carved Recess | 3D Modeling | V9,https://www.youtube.com/watch?v=iG3EMdeF0t8,,1124.0,CHANNEL,wave2,older-version duplicate of V12 tutorial,
mUirLAO7E90,Creating a Carved Recess | Vectric V11 Tutorials,https://www.youtube.com/watch?v=mUirLAO7E90,,1584.0,CHANNEL,wave2,older-version duplicate of V12 tutorial,
YaCHOEPq518,Creating a Column | Vectric V11 Tutorials,https://www.youtube.com/watch?v=YaCHOEPq518,,2862.0,CHANNEL,wave2,older-version duplicate of V12 tutorial,
lM_kJQwnFCk,Creating a Dished Recess | 3D Modeling | V9,https://www.youtube.com/watch?v=lM_kJQwnFCk,,1366.0,CHANNEL,wave2,older-version duplicate of V12 tutorial,
X7ZqatR5lPM,Creating a Dished Recess | Vectric V11 Tutorials,https://www.youtube.com/watch?v=X7ZqatR5lPM,,1772.0,CHANNEL,wave2,older-version duplicate of V12 tutorial,
IWkU7pBJ3zU,Creating a Fluted Column | Vectric V11 Tutorials,https://www.youtube.com/watch?v=IWkU7pBJ3zU,,587.0,CHANNEL,wave2,older-version duplicate of V12 tutorial,
htEfRTdLDVo,Creating a Rounded Toolpath | Vectric V11 Tutorials,https://www.youtube.com/watch?v=htEfRTdLDVo,,426.0,CHANNEL,wave2,older-version duplicate of V12 tutorial,
4-84MaPxrq4,Creating a Spiral Column | Vectric V11 Tutorials,https://www.youtube.com/watch?v=4-84MaPxrq4,,516.0,CHANNEL,wave2,older-version duplicate of V12 tutorial,
nVfzOyRhVA0,Creating a Toy Truck by Tim Sway | Vectric Worldwide UGM 2020,https://www.youtube.com/watch?v=nVfzOyRhVA0,,1550.0,CHANNEL,skip,project/marketing fluff,
_-zcD_X-FPo,Critical hit on your next CNC project. 🎲,https://www.youtube.com/watch?v=_-zcD_X-FPo,,NA,CHANNEL,wave2,uncategorized tutorial,
Yx-nnGoA1o0,"Curve Fitting, Filleting",https://www.youtube.com/watch?v=Yx-nnGoA1o0,,1118.0,CHANNEL,wave2,uncategorized tutorial,
I47hNeDwQ50,Custom Brush Sculpting | Vectric V11.5 Tutorials,https://www.youtube.com/watch?v=I47hNeDwQ50,,3351.0,CHANNEL,skip,sculpting deep-dive post-lean,
VU8ufrHqDs8,Cut2D - Calculating CNC Toolpaths for a Wing Spar - New,https://www.youtube.com/watch?v=VU8ufrHqDs8,,592.0,CHANNEL,wave2,uncategorized tutorial,
idrbUgMcvKs,Cut3D - 2 Sided CNC Model Machining,https://www.youtube.com/watch?v=idrbUgMcvKs,,478.0,CHANNEL,wave2,uncategorized tutorial,
3ccL_rYWVCc,Cut3D - 3D Model Slicing and CNC Machining,https://www.youtube.com/watch?v=3ccL_rYWVCc,,426.0,CHANNEL,wave2,uncategorized tutorial,
PJsG5mQ6Zxw,Cut3D - 4 Sided CNC Model Machining,https://www.youtube.com/watch?v=PJsG5mQ6Zxw,,598.0,CHANNEL,wave2,uncategorized tutorial,
0aXewNoqMkk,Cut3D - Calculating CNC Toolpaths for a 3D Bowl,https://www.youtube.com/watch?v=0aXewNoqMkk,,553.0,CHANNEL,wave2,uncategorized tutorial,
RKCaNRMiwiw,Cutting Leather On Your CNC with George | Vectric Worldwide UGM 2023,https://www.youtube.com/watch?v=RKCaNRMiwiw,,2316.0,CHANNEL,skip,project/marketing fluff,
TGWc0osQUVM,D&M Project & 3D Machining with Todd | Vectric Worldwide UGM 2021,https://www.youtube.com/watch?v=TGWc0osQUVM,,3361.0,CHANNEL,skip,project/marketing fluff,
cFATfyvs0p4,D01 - Working with Imported Vectors,https://www.youtube.com/watch?v=cFATfyvs0p4,,1203.0,CHANNEL,wave2,uncategorized tutorial,
MpFdydzncmA,D02 - Toolpath Tiling,https://www.youtube.com/watch?v=MpFdydzncmA,,814.0,CHANNEL,wave2,uncategorized tutorial,
Tq6gWtwXVJA,D03 - Importing 3D Toolpaths - Multiple Objects,https://www.youtube.com/watch?v=Tq6gWtwXVJA,,2353.0,CHANNEL,wave2,uncategorized tutorial,
dLr-KMpIQ1I,D04 - Importing PhotoVCarve Toolpaths,https://www.youtube.com/watch?v=dLr-KMpIQ1I,,777.0,CHANNEL,skip,photo V-carve excluded,
1UVlhdbyAyY,D05 - Working with Nested Cabinet Files,https://www.youtube.com/watch?v=1UVlhdbyAyY,,2232.0,CHANNEL,skip,cabinet import non-goal,
fRQWHqfXcnw,D06 - Rotary Job Setup and Machining,https://www.youtube.com/watch?v=fRQWHqfXcnw,,1873.0,CHANNEL,skip,rotary/wrapped post-lean,
d4992bEoNYI,D07 - VCarve Inlay Technique,https://www.youtube.com/watch?v=d4992bEoNYI,,1089.0,CHANNEL,wave2,defer: vcarve inlay,
KEDjuvUAx2M,D08 - Two Sided Machining,https://www.youtube.com/watch?v=KEDjuvUAx2M,,1308.0,CHANNEL,skip,two-sided post-lean,
2M-02lbmMYw,"DRAWING IN THE 3D VIEW coming to Cut2D, VCarve & Aspire in V12 🎉 #shorts",https://www.youtube.com/watch?v=2M-02lbmMYw,,NA,CHANNEL,skip,short-form promo,
UaUiI0UF93M,Dave Hebson's Gravity Tray ⭐,https://www.youtube.com/watch?v=UaUiI0UF93M,,NA,CHANNEL,wave2,uncategorized tutorial,
OE8pPGByV3E,Dean Makes took the moulding toolpath and ran with it…,https://www.youtube.com/watch?v=OE8pPGByV3E,,NA,CHANNEL,wave2,defer: moulding,
nUjoA7KYP3o,Deer Coat Hooks | Vectric EasyCarve #short #shorts,https://www.youtube.com/watch?v=nUjoA7KYP3o,,NA,CHANNEL,skip,EasyCarve/EasyCreate consumer line,
0PWGVhCEUyk,Design & Make  - Creating a new layout from one project,https://www.youtube.com/watch?v=0PWGVhCEUyk,,883.0,CHANNEL,skip,Design&Make marketing/model shop,
6E72AclZ1bw,Design & Make - Advent Candle Holder Part 3,https://www.youtube.com/watch?v=6E72AclZ1bw,,579.0,CHANNEL,skip,Design&Make marketing/model shop,
2pUffUtl_YI,Design & Make - Holiday Centerpieces Part 2,https://www.youtube.com/watch?v=2pUffUtl_YI,,842.0,CHANNEL,skip,Design&Make marketing/model shop,
02Cx3Sr3dSo,Design & Make - Layout a Fall Door Sign Part 1,https://www.youtube.com/watch?v=02Cx3Sr3dSo,,1051.0,CHANNEL,skip,Design&Make marketing/model shop,
DL4WuKEwVxA,Design & Make - The Assembled Layout and Simple Tooling,https://www.youtube.com/watch?v=DL4WuKEwVxA,,1000.0,CHANNEL,skip,Design&Make marketing/model shop,
1POxJg1xOSs,Design & Make Project - 3D Machining | Vectric Worldwide UGM 2023,https://www.youtube.com/watch?v=1POxJg1xOSs,,3370.0,CHANNEL,skip,Design&Make marketing/model shop,
vAyEqistur8,Design & Make Project - 3D Toolpaths | Vectric V11 Tutorials,https://www.youtube.com/watch?v=vAyEqistur8,,983.0,CHANNEL,skip,Design&Make marketing/model shop,
w1cUXorfEtM,Design & Make Project | Vectric V11 Tutorials,https://www.youtube.com/watch?v=w1cUXorfEtM,,2453.0,CHANNEL,skip,Design&Make marketing/model shop,
2ruNK39wNlk,Designing Furniture with Aspire | Vectric Online UGM 2025,https://www.youtube.com/watch?v=2ruNK39wNlk,,3411.0,CHANNEL,skip,project/marketing fluff,
NY5RGS0ZzKI,Desks Unite with Bill Young | Vectric Worldwide UGM 2021,https://www.youtube.com/watch?v=NY5RGS0ZzKI,,2106.0,CHANNEL,skip,project/marketing fluff,
paQfDVRBtjA,Desktop VS Pro - What's the difference? | Vectric CNC Software,https://www.youtube.com/watch?v=paQfDVRBtjA,,318.0,CHANNEL,wave2,uncategorized tutorial,
w-vlVUA1KB4,Did you know you can do more than just 3D machine your EasyCreate models? 🤔✨,https://www.youtube.com/watch?v=w-vlVUA1KB4,,NA,CHANNEL,skip,EasyCarve/EasyCreate consumer line,
nefDOKMNPNc,Did you know you can do this in your Vectric software? 👀✨,https://www.youtube.com/watch?v=nefDOKMNPNc,,NA,CHANNEL,wave2,uncategorized tutorial,
C8mPdTZdtic,Did you know you can save out your previews in Vectric software? 👀✨,https://www.youtube.com/watch?v=C8mPdTZdtic,,NA,CHANNEL,wave2,uncategorized tutorial,
ll2ByPGK-Gs,Did you know you can upload your own photos into EasyCreate? 🖼️✨ #vectric #woodworking #cncsoftware,https://www.youtube.com/watch?v=ll2ByPGK-Gs,,NA,CHANNEL,skip,EasyCarve/EasyCreate consumer line,
0mkB69Eh_pY,Dimensioning Quick Guide | Vector Drawing | V9,https://www.youtube.com/watch?v=0mkB69Eh_pY,,539.0,CHANNEL,wave2,older-version duplicate of V12 tutorial,
MiwWJyH2kR4,Dimensioning Quick Guide | Vectric V11 Tutorials,https://www.youtube.com/watch?v=MiwWJyH2kR4,,611.0,CHANNEL,wave2,older-version duplicate of V12 tutorial,
9IRHv-8Dtik,Dino Push Toy with Beki | Vectric's Christmas Toy Shop | Day 4 | Vectric FREE CNC Projects,https://www.youtube.com/watch?v=9IRHv-8Dtik,,859.0,CHANNEL,skip,project/marketing fluff,
wy9QQAZj0pY,"Discover The New Vectric Portal - Smarter, Faster and Easier!",https://www.youtube.com/watch?v=wy9QQAZj0pY,,884.0,CHANNEL,wave2,uncategorized tutorial,
9qi54oWsbpU,Distorting Components,https://www.youtube.com/watch?v=9qi54oWsbpU,,455.0,CHANNEL,wave2,uncategorized tutorial,
9Pmr9LSO7Yg,Dividing a Component,https://www.youtube.com/watch?v=9Pmr9LSO7Yg,,280.0,CHANNEL,wave2,uncategorized tutorial,
LqR_JD7kvZw,Dragon Dice Tray | Making a RPG Box on your CNC | In the Labs with Nav | Vectric FREE CNC Projects,https://www.youtube.com/watch?v=LqR_JD7kvZw,,2167.0,CHANNEL,skip,project/marketing fluff,
D7GEPlP0tiU,Drawing Tools - Example One,https://www.youtube.com/watch?v=D7GEPlP0tiU,,914.0,CHANNEL,wave2,uncategorized tutorial,
KJRmfb7Z8FI,Drawing Tools - Example Two,https://www.youtube.com/watch?v=KJRmfb7Z8FI,,770.0,CHANNEL,wave2,uncategorized tutorial,
l7Doc3pt8zs,Dust in the Wind with Avid CNC Team | Vectric Worldwide UGM 2021,https://www.youtube.com/watch?v=l7Doc3pt8zs,,2976.0,CHANNEL,skip,project/marketing fluff,
nG9wGFfIMdY,E01 - Introduction to Modeling in Aspire,https://www.youtube.com/watch?v=nG9wGFfIMdY,,737.0,CHANNEL,wave2,legacy E01 modeling intro (dup of V12 intro),
LFrSkROQO_4,E02B - Fleur de Lis - Modeling,https://www.youtube.com/watch?v=LFrSkROQO_4,,1403.0,CHANNEL,wave2,uncategorized tutorial,
OcZAYkp54lA,E02C - Fleur de Lis - Toolpath Creation,https://www.youtube.com/watch?v=OcZAYkp54lA,,1555.0,CHANNEL,wave2,uncategorized tutorial,
N4f11vzPVhA,E03B - Lioness - Modeling,https://www.youtube.com/watch?v=N4f11vzPVhA,,2493.0,CHANNEL,wave2,uncategorized tutorial,
-Wd15JvyZO4,E03C - Lioness - Toolpath Creation,https://www.youtube.com/watch?v=-Wd15JvyZO4,,910.0,CHANNEL,wave2,uncategorized tutorial,
PzxJLvtJaXg,E04 - Trout,https://www.youtube.com/watch?v=PzxJLvtJaXg,,1809.0,CHANNEL,wave2,uncategorized tutorial,
VcIoLPo4CyE,E06A - Lily Molding - Vector Design,https://www.youtube.com/watch?v=VcIoLPo4CyE,,1097.0,CHANNEL,wave2,uncategorized tutorial,
uaq3JH4kHCc,E06B - Lily Molding - Modeling,https://www.youtube.com/watch?v=uaq3JH4kHCc,,1283.0,CHANNEL,wave2,uncategorized tutorial,
pGhYp5LCrCA,E06B2 - Lily Molding - Assembly,https://www.youtube.com/watch?v=pGhYp5LCrCA,,811.0,CHANNEL,wave2,uncategorized tutorial,
erUnt41BMXg,E07 - Chinese Dragon,https://www.youtube.com/watch?v=erUnt41BMXg,,6.0,CHANNEL,wave2,uncategorized tutorial,
B8DJ493iBfQ,E08 - Theatre Mask,https://www.youtube.com/watch?v=B8DJ493iBfQ,,6.0,CHANNEL,wave2,uncategorized tutorial,
qx2jJU0KQ3I,E09A - Coffee Sign - Vector Design,https://www.youtube.com/watch?v=qx2jJU0KQ3I,,1479.0,CHANNEL,wave2,uncategorized tutorial,
wwzQTHh31yc,E09B - Coffee Sign - Modeling,https://www.youtube.com/watch?v=wwzQTHh31yc,,1534.0,CHANNEL,wave2,uncategorized tutorial,
kgze13HB03o,E09C - Coffee Sign - Toolpath Creation,https://www.youtube.com/watch?v=kgze13HB03o,,997.0,CHANNEL,wave2,uncategorized tutorial,
IdfdWa3TE78,E10 - Banners,https://www.youtube.com/watch?v=IdfdWa3TE78,,6.0,CHANNEL,wave2,uncategorized tutorial,
bNtEof9gVM4,E11 - Weaves,https://www.youtube.com/watch?v=bNtEof9gVM4,,6.0,CHANNEL,wave2,uncategorized tutorial,
Y3Rm8MF0i78,E13 - Lakeside Cabin Sign,https://www.youtube.com/watch?v=Y3Rm8MF0i78,,1832.0,CHANNEL,wave2,uncategorized tutorial,
PDbQ8tZ95E0,Easy CNC Accessories | Making Tools on your CNC | In the Labs with Todd | Vectric FREE CNC Projects,https://www.youtube.com/watch?v=PDbQ8tZ95E0,,1936.0,CHANNEL,skip,project/marketing fluff,
EINXkuGN24o,Easy Shop Stool | In the Labs Vectric | FREE CNC Projects,https://www.youtube.com/watch?v=EINXkuGN24o,,2499.0,CHANNEL,skip,project/marketing fluff,
yKBedipNYDQ,EasyCarve just got a major update,https://www.youtube.com/watch?v=yKBedipNYDQ,,NA,CHANNEL,skip,EasyCarve/EasyCreate consumer line,
8_VM8urHh28,EasyCarve now integrated with EasyCreate,https://www.youtube.com/watch?v=8_VM8urHh28,,108.0,CHANNEL,skip,EasyCarve/EasyCreate consumer line,
sbFkLbMUPmc,EasyCreate is officially OUT NOW 🤖✨,https://www.youtube.com/watch?v=sbFkLbMUPmc,,NA,CHANNEL,skip,release marketing,
BGWLB0rvsHs,Efficient Custom Projects by Beki | Vectric Worldwide UGM 2020,https://www.youtube.com/watch?v=BGWLB0rvsHs,,3309.0,CHANNEL,skip,project/marketing fluff,
fVmTtioJ3Pw,Efficient Machining with Router Bob | Vectric Worldwide UGM 2023,https://www.youtube.com/watch?v=fVmTtioJ3Pw,,1680.0,CHANNEL,skip,project/marketing fluff,
BNdnl-x85E4,Efficient Ways of Working with Mike and Adam | Vectric Worldwide UGM 2021,https://www.youtube.com/watch?v=BNdnl-x85E4,,2886.0,CHANNEL,skip,project/marketing fluff,
MurDcoaytA8,Egg & Dart | Vectric EasyCarve #short #shorts,https://www.youtube.com/watch?v=MurDcoaytA8,,NA,CHANNEL,skip,EasyCarve/EasyCreate consumer line,
eQW5S36eAZA,Engraving Toolpaths,https://www.youtube.com/watch?v=eQW5S36eAZA,,1283.0,CHANNEL,wave2,uncategorized tutorial,
DgMkZFFYyjU,Epoxy Inlays with Shane Peters | Vectric Worldwide UGM 2021,https://www.youtube.com/watch?v=DgMkZFFYyjU,,2201.0,CHANNEL,skip,project/marketing fluff,
3W8-nPcSup4,Extrude and Weave Guide | 3D Modeling | V9,https://www.youtube.com/watch?v=3W8-nPcSup4,,2953.0,CHANNEL,skip,decorative extrude/weave,
gPhuibGnLyQ,Extrude and Weave Guide | Vectric V11 Tutorials,https://www.youtube.com/watch?v=gPhuibGnLyQ,,1495.0,CHANNEL,skip,decorative extrude/weave,
oqNmO5DMjkE,F01 - Creating a dished recess for a 3D model,https://www.youtube.com/watch?v=oqNmO5DMjkE,,1466.0,CHANNEL,wave2,uncategorized tutorial,
t5HKjiaRO1E,F02 - Creating a carved edge recess for a 3D model,https://www.youtube.com/watch?v=t5HKjiaRO1E,,1213.0,CHANNEL,wave2,uncategorized tutorial,
2tshf3sm8-8,F03 - Importing and Exporting 3D data from Aspire,https://www.youtube.com/watch?v=2tshf3sm8-8,,1987.0,CHANNEL,wave2,uncategorized tutorial,
P3q5Fzb01ls,F04 - Creating Lithophanes with Aspire,https://www.youtube.com/watch?v=P3q5Fzb01ls,,1346.0,CHANNEL,skip,lithophane excluded,
h_JIeclgORM,F05 - Two Sided Machining,https://www.youtube.com/watch?v=h_JIeclgORM,,6.0,CHANNEL,skip,two-sided post-lean,
idB2Cph2Kw0,F06 - Slicing a 3D Model - Shark,https://www.youtube.com/watch?v=idB2Cph2Kw0,,1431.0,CHANNEL,wave2,uncategorized tutorial,
s-YPozmZD-Q,F07-B - 3D Rotary - Modeling,https://www.youtube.com/watch?v=s-YPozmZD-Q,,6.0,CHANNEL,skip,rotary/wrapped post-lean,
zEc6Kw6m6eU,F07-C - 3D Rotary - Toolpath Creation,https://www.youtube.com/watch?v=zEc6Kw6m6eU,,6.0,CHANNEL,skip,rotary/wrapped post-lean,
Z-e5HzjjHL8,F08 - Rosette - Toolpath projected onto 3D model,https://www.youtube.com/watch?v=Z-e5HzjjHL8,,817.0,CHANNEL,wave2,uncategorized tutorial,
2lRXxxsBAp8,F10-A - Round Window - Modeling,https://www.youtube.com/watch?v=2lRXxxsBAp8,,6.0,CHANNEL,wave2,uncategorized tutorial,
XBDVnlY7yt0,F10-C - Round Window - Toolpath Creation,https://www.youtube.com/watch?v=XBDVnlY7yt0,,6.0,CHANNEL,wave2,uncategorized tutorial,
-ZbOmes8n1I,FOUR NEW CREATE SHAPES Aspire in V12 #shorts,https://www.youtube.com/watch?v=-ZbOmes8n1I,,NA,CHANNEL,skip,short-form promo,
o1wq29BgYKQ,Fall Snack Tray | In the Labs Vectric | FREE CNC Projects,https://www.youtube.com/watch?v=o1wq29BgYKQ,,1735.0,CHANNEL,skip,project/marketing fluff,
dry_laeW9lo,Festive Assembly with Beki | Vectric's Christmas Toy Shop | Day 6 | Vectric FREE CNC Projects,https://www.youtube.com/watch?v=dry_laeW9lo,,1071.0,CHANNEL,skip,project/marketing fluff,
AVfHYxMkfzI,Finishing Techniques with Michael Tyler | Vectric Worldwide UGM 2023,https://www.youtube.com/watch?v=AVfHYxMkfzI,,2386.0,CHANNEL,skip,project/marketing fluff,
mZ2axlLM_GI,Finishing Tips and Tricks with Stephanie | Vectric Worldwide UGM 2021,https://www.youtube.com/watch?v=mZ2axlLM_GI,,2241.0,CHANNEL,skip,project/marketing fluff,
4rOjnaqEJ68,Five Star Coffee Sign  | 2.5D Toolpaths | V9,https://www.youtube.com/watch?v=4rOjnaqEJ68,,1130.0,CHANNEL,wave2,older-version duplicate of V12 tutorial,
gACfHVRbLfE,Five Star Coffee Sign - 2.5D Toolpaths | Vectric V11 Tutorials,https://www.youtube.com/watch?v=gACfHVRbLfE,,1021.0,CHANNEL,wave2,older-version duplicate of V12 tutorial,
cU_UmnAPCII,Five Star Coffee Sign | Vector Drawing | V9,https://www.youtube.com/watch?v=cU_UmnAPCII,,2051.0,CHANNEL,wave2,older-version duplicate of V12 tutorial,
70lS3xo9Nxc,Five Star Coffee Sign | Vectric V11 Tutorials,https://www.youtube.com/watch?v=70lS3xo9Nxc,,1995.0,CHANNEL,wave2,older-version duplicate of V12 tutorial,
xDZ1xI6M3_E,Fleur De Lys - 3D Toolpaths | Vectric V11 Tutorials,https://www.youtube.com/watch?v=xDZ1xI6M3_E,,1460.0,CHANNEL,wave2,older-version duplicate of V12 tutorial,
cq3FAPNoAHc,Fleur De Lys | 3D Modeling | V9,https://www.youtube.com/watch?v=cq3FAPNoAHc,,1410.0,CHANNEL,wave2,older-version duplicate of V12 tutorial,
nsdSmg8_ggw,Fleur De Lys | 3D Toolpaths | V9,https://www.youtube.com/watch?v=nsdSmg8_ggw,,1146.0,CHANNEL,wave2,older-version duplicate of V12 tutorial,
pDITOjB_ZiM,Fleur De Lys | Vectric V11 Tutorials,https://www.youtube.com/watch?v=pDITOjB_ZiM,,1294.0,CHANNEL,wave2,older-version duplicate of V12 tutorial,
-RjDCtX0YG8,Flexible Toolpaths | Vectric EasyCarve #short #shorts,https://www.youtube.com/watch?v=-RjDCtX0YG8,,NA,CHANNEL,skip,EasyCarve/EasyCreate consumer line,
0eA_HKvAwI4,Fluting,https://www.youtube.com/watch?v=0eA_HKvAwI4,,1012.0,CHANNEL,wave2,defer: fluting,
HnUrtIWw5BQ,Fluting Toolpath Guide 2 5D Toolpaths,https://www.youtube.com/watch?v=HnUrtIWw5BQ,,1464.0,CHANNEL,wave2,defer: fluting,
IQ1N8X30iPU,Fluting Toolpath Guide | Vectric V11 Tutorials,https://www.youtube.com/watch?v=IQ1N8X30iPU,,1190.0,CHANNEL,wave2,older-version duplicate of V12 tutorial,
jMU3g-XDXwQ,From Forest to Table: Crafting Salad Bowls & Utensils | Vectric Online UGM 2025,https://www.youtube.com/watch?v=jMU3g-XDXwQ,,2860.0,CHANNEL,skip,project/marketing fluff,
Jn28ufsWXZg,From Found Wood To Functional Design ✨,https://www.youtube.com/watch?v=Jn28ufsWXZg,,NA,CHANNEL,wave2,uncategorized tutorial,
TcWzVV8SY4U,From cut to complete 🔥,https://www.youtube.com/watch?v=TcWzVV8SY4U,,NA,CHANNEL,wave2,uncategorized tutorial,
c1OqFKnMDzo,From cute dog photo… to personalised CNC gift 🐶✨,https://www.youtube.com/watch?v=c1OqFKnMDzo,,NA,CHANNEL,wave2,uncategorized tutorial,
r3z5AFaHY1A,From idea → CNC-ready in minutes 🐆✨,https://www.youtube.com/watch?v=r3z5AFaHY1A,,NA,CHANNEL,wave2,uncategorized tutorial,
fA-0tIG4ifE,Fun With Flutes Marble Run | In the Labs Vectric | FREE CNC Projects,https://www.youtube.com/watch?v=fA-0tIG4ifE,,1688.0,CHANNEL,skip,project/marketing fluff,
0oO8Qily2KY,Fun With Flutes Marble Run | Vectric FREE CNC Projects #short #shorts,https://www.youtube.com/watch?v=0oO8Qily2KY,,NA,CHANNEL,skip,project/marketing fluff,
o1m5QXxmkxw,Funtabulous Finishing Techniques by Michael Tyler | Vectric Worldwide UGM 2020,https://www.youtube.com/watch?v=o1m5QXxmkxw,,2941.0,CHANNEL,skip,project/marketing fluff,
ZtAz9lXC2_U,G01 - Text Creation and Editing,https://www.youtube.com/watch?v=ZtAz9lXC2_U,,2301.0,CHANNEL,wave2,legacy training-series video,
ksAsZreSfs0,G02 - Layer Management,https://www.youtube.com/watch?v=ksAsZreSfs0,,2467.0,CHANNEL,wave2,legacy training-series video,
SCUbntkZoEw,G03 - Nesting,https://www.youtube.com/watch?v=SCUbntkZoEw,,1204.0,CHANNEL,wave2,legacy training-series video,
oubLcOvYOW4,G04 - Plate Production,https://www.youtube.com/watch?v=oubLcOvYOW4,,1786.0,CHANNEL,skip,production plate tool post-lean,
XCJToN0urkw,G05 - Create Shape,https://www.youtube.com/watch?v=XCJToN0urkw,,1352.0,CHANNEL,wave2,legacy training-series video,
FxrQ8JQb7SY,G06 - Two Rail Sweep,https://www.youtube.com/watch?v=FxrQ8JQb7SY,,2020.0,CHANNEL,wave2,legacy training-series video,
9W6meF-h2SM,G07 - Extrude & Weave,https://www.youtube.com/watch?v=9W6meF-h2SM,,2465.0,CHANNEL,wave2,legacy training-series video,
0Czw_LZfejs,G09 - Profile Toolpath,https://www.youtube.com/watch?v=0Czw_LZfejs,,2836.0,CHANNEL,wave2,legacy training-series video,
0x3kUTqHGFc,G10 - Quick Engraving Toolpath,https://www.youtube.com/watch?v=0x3kUTqHGFc,,516.0,CHANNEL,wave2,legacy training-series video,
7c4H4WQ2zQE,G11 - Fluting Toolpath,https://www.youtube.com/watch?v=7c4H4WQ2zQE,,1206.0,CHANNEL,wave2,legacy training-series video,
Xs9_ag_DYM0,G12 - Inlay Toolpaths,https://www.youtube.com/watch?v=Xs9_ag_DYM0,,776.0,CHANNEL,wave2,legacy training-series video,
fh1Sd8u6JU4,G13 -Toolpath Administration - Time Estimates,https://www.youtube.com/watch?v=fh1Sd8u6JU4,,1268.0,CHANNEL,wave2,legacy training-series video,
k3hTPrqlVbE,G14 - Tool Database - Form Tools,https://www.youtube.com/watch?v=k3hTPrqlVbE,,1289.0,CHANNEL,wave2,legacy training-series video,
koQi0lXeSzA,G15 - Preview Toolpath,https://www.youtube.com/watch?v=koQi0lXeSzA,,1109.0,CHANNEL,wave2,legacy training-series video,
KsHfEp8nnvE,G16 - Save Toolpath Options,https://www.youtube.com/watch?v=KsHfEp8nnvE,,441.0,CHANNEL,wave2,legacy training-series video,
nfqQ0qbPOzA,G18 - Application Data Folder,https://www.youtube.com/watch?v=nfqQ0qbPOzA,,697.0,CHANNEL,wave2,legacy training-series video,
wRKbxy2sk04,G19 - Component Tree,https://www.youtube.com/watch?v=wRKbxy2sk04,,1103.0,CHANNEL,wave2,legacy training-series video,
p6MVWxyE8OY,G20 - Celtic Weave Creator Gadget,https://www.youtube.com/watch?v=p6MVWxyE8OY,,571.0,CHANNEL,wave2,legacy training-series video,
78rt8rSxCc8,Garden Tic-Tac-Toe X and O Game | In the Labs Vectric | FREE CNC Projects,https://www.youtube.com/watch?v=78rt8rSxCc8,,1335.0,CHANNEL,skip,project/marketing fluff,
27H0dm_SwX8,Garden Tic-Tac-Toe X and O Game | Vectric FREE CNC Projects #short #shorts,https://www.youtube.com/watch?v=27H0dm_SwX8,,NA,CHANNEL,skip,project/marketing fluff,
4UNasSN85CE,Getting Started -  3D Import Toolpath (Short),https://www.youtube.com/watch?v=4UNasSN85CE,,700.0,CHANNEL,wave2,short promo (full GS tutorial exists),
mibpC_2uCiw,Getting Started - Avalon Nameplate (Short),https://www.youtube.com/watch?v=mibpC_2uCiw,,424.0,CHANNEL,wave2,short promo (full GS tutorial exists),
XEMhjJdox58,Getting Started - Bulls Head (Short),https://www.youtube.com/watch?v=XEMhjJdox58,,436.0,CHANNEL,wave2,short promo (full GS tutorial exists),
ffhl0aaTpvc,Getting Started - Import 3D (Short),https://www.youtube.com/watch?v=ffhl0aaTpvc,,501.0,CHANNEL,wave2,short promo (full GS tutorial exists),
rH_lqIlWosc,Getting Started - Open Sign (Short),https://www.youtube.com/watch?v=rH_lqIlWosc,,578.0,CHANNEL,wave2,short promo (full GS tutorial exists),
ynouUgBGGbg,Getting Started - Shell Sign (Short),https://www.youtube.com/watch?v=ynouUgBGGbg,,1150.0,CHANNEL,wave2,short promo (full GS tutorial exists),
f5PEt9CXVP0,Getting Started - Teddy Bear (Short),https://www.youtube.com/watch?v=f5PEt9CXVP0,,1117.0,CHANNEL,wave2,short promo (full GS tutorial exists),
bxMG5-adFh4,Getting Started - Wing Spar (Short),https://www.youtube.com/watch?v=bxMG5-adFh4,,284.0,CHANNEL,wave2,short promo (full GS tutorial exists),
nfgKuDFxRJo,Golf Award - 3D Toolpaths | Vectric V11 Tutorials,https://www.youtube.com/watch?v=nfgKuDFxRJo,,1354.0,CHANNEL,wave2,older-version duplicate of V12 tutorial,
oS7q33H3aeY,Golf Award | 3D Assembly | V9,https://www.youtube.com/watch?v=oS7q33H3aeY,,1663.0,CHANNEL,wave2,older-version duplicate of V12 tutorial,
9tGR62Fqug4,Golf Award | 3D Toolpaths | V9,https://www.youtube.com/watch?v=9tGR62Fqug4,,820.0,CHANNEL,wave2,older-version duplicate of V12 tutorial,
Bl-SWTrFlSQ,Golf Award | Vectric V11 Tutorials,https://www.youtube.com/watch?v=Bl-SWTrFlSQ,,1870.0,CHANNEL,wave2,older-version duplicate of V12 tutorial,
u88KeH1v5hE,Got a ShopSabre CNC? Let’s check compatibility 👇,https://www.youtube.com/watch?v=u88KeH1v5hE,,NA,CHANNEL,wave2,uncategorized tutorial,
-ciCaRxCM1A,Got a piece of stock that’s twisted or rocking on the CNC bed? 🪵,https://www.youtube.com/watch?v=-ciCaRxCM1A,,NA,CHANNEL,wave2,uncategorized tutorial,
AVAdSTfsjnA,Got your first CNC but don’t know where to start?,https://www.youtube.com/watch?v=AVAdSTfsjnA,,NA,CHANNEL,wave2,"onboarding promo, low CAM content",
g7D1js-QK_4,Gothic Quatrefoil - 2.5D Toolpaths | Vectric V11 Tutorials,https://www.youtube.com/watch?v=g7D1js-QK_4,,1474.0,CHANNEL,wave2,older-version duplicate of V12 tutorial,
47KbRDxqo8E,Gothic Quatrefoil | 2.5D Toolpaths | V9,https://www.youtube.com/watch?v=47KbRDxqo8E,,1794.0,CHANNEL,wave2,older-version duplicate of V12 tutorial,
inp3N68n844,Gothic Quatrefoil | Vector Drawing | V9,https://www.youtube.com/watch?v=inp3N68n844,,1550.0,CHANNEL,wave2,older-version duplicate of V12 tutorial,
V9VJCGwxp7E,Gothic Quatrefoil | Vectric V11 Tutorials,https://www.youtube.com/watch?v=V9VJCGwxp7E,,1429.0,CHANNEL,wave2,older-version duplicate of V12 tutorial,
NWOXfwpRhz8,Gravity Ball Game | In the Labs Vectric | FREE CNC Projects,https://www.youtube.com/watch?v=NWOXfwpRhz8,,2621.0,CHANNEL,skip,project/marketing fluff,
ccI1eNmiB3I,"Greek mythology inspiration, turned into a CNC project",https://www.youtube.com/watch?v=ccI1eNmiB3I,,NA,CHANNEL,wave2,uncategorized tutorial,
PVLP6-7AfIQ,Grouping and Baking Components,https://www.youtube.com/watch?v=PVLP6-7AfIQ,,632.0,CHANNEL,wave2,uncategorized tutorial,
zEEv0r5gJM8,Halloween Gravestones & Candle Holders | Halloween Projects with Beki & Todd | Vectric CNC Projects,https://www.youtube.com/watch?v=zEEv0r5gJM8,,2276.0,CHANNEL,wave2,uncategorized tutorial,
3D4k9NpPlV8,Hidden Coat Hook | In the Labs Vectric | FREE CNC Projects,https://www.youtube.com/watch?v=3D4k9NpPlV8,,1325.0,CHANNEL,skip,project/marketing fluff,
UMg1XtUU7n0,Hidden Coat Hook 👀🪵,https://www.youtube.com/watch?v=UMg1XtUU7n0,,NA,CHANNEL,wave2,uncategorized tutorial,
t3V5asiUpcg,Holly Wine Bottle Holder with Beki | The 12 Projects of Christmas Day 9 | Vectric Project,https://www.youtube.com/watch?v=t3V5asiUpcg,,833.0,CHANNEL,skip,project/marketing fluff,
BxWgHzJwNEw,House Sign | Vectric EasyCarve #short #shorts,https://www.youtube.com/watch?v=BxWgHzJwNEw,,NA,CHANNEL,skip,EasyCarve/EasyCreate consumer line,
TnOJkOqCiLw,How to Apply Cutter Compensation in Vectric’s Advanced Machining Module,https://www.youtube.com/watch?v=TnOJkOqCiLw,,263.0,CHANNEL,skip,AMM cabinet/compensation module,
Hcdyi3uiV44,How to Apply a Sketchcarve Toolpath Using EasyCreate and Vectric Software,https://www.youtube.com/watch?v=Hcdyi3uiV44,,545.0,CHANNEL,skip,EasyCarve/EasyCreate consumer line,
ve2y9q-KeZQ,How to Create a Column | Wrapped Rotary Machining | V12.5 Tutorials,https://www.youtube.com/watch?v=ve2y9q-KeZQ,,1769.0,CHANNEL,skip,rotary/wrapped post-lean,
H-kRrWWSaL4,How to Create an Assembly in VCarve Using EasyCreate Relief Models,https://www.youtube.com/watch?v=H-kRrWWSaL4,,1024.0,CHANNEL,skip,EasyCarve/EasyCreate consumer line,
aTvA5KWDoWE,How to Edit the Heights of your model in EasyCreate,https://www.youtube.com/watch?v=aTvA5KWDoWE,,696.0,CHANNEL,skip,EasyCarve/EasyCreate consumer line,
bTSqJCCwHJs,How to Make Wooden Laptop Stand | In Labs with Beki and Special Guest Niamh | Vectric CNC Projects,https://www.youtube.com/watch?v=bTSqJCCwHJs,,2397.0,CHANNEL,skip,project/marketing fluff,
3QLIB8JYvyM,How to Model a Simple Spindle for Rotary Machining | Wrapped Rotary Machining | V12.5 Tutorials,https://www.youtube.com/watch?v=3QLIB8JYvyM,,956.0,CHANNEL,skip,rotary/wrapped post-lean,
wYrA1K55OYw,How to Project a Laser Toolpath onto a 3D Model in Vectric's Laser Module | Laser | V12.5 Tutorials,https://www.youtube.com/watch?v=wYrA1K55OYw,,546.0,CHANNEL,skip,laser excluded from lean scope,
5CaeKEBqLII,How to Use the Vector Unwrapper Tool | Wrapped Rotary Machining | V12.5 Tutorials,https://www.youtube.com/watch?v=5CaeKEBqLII,,1540.0,CHANNEL,skip,rotary/wrapped post-lean,
b62D3S6LQ_s,How to create 2D Toolpaths on a Spindle | Wrapped Rotary Machining | V12.5 Tutorials,https://www.youtube.com/watch?v=b62D3S6LQ_s,,788.0,CHANNEL,skip,rotary/wrapped post-lean,
vRauJ2UA5N4,How to create a Template for Cabinet Import in Vectric’s Advanced Machining Module - Part 2,https://www.youtube.com/watch?v=vRauJ2UA5N4,,1149.0,CHANNEL,skip,AMM cabinet/compensation module,
sJrkVATvsKc,How to create a fluted column in Vectric software | Wrapped Rotary Machining | V12 Tutorials,https://www.youtube.com/watch?v=sJrkVATvsKc,,639.0,CHANNEL,skip,rotary/wrapped post-lean,
ASbixULEAnQ,How to create a rounded toolpath in Vectric software | Wrapped Rotary Machining | V12 Tutorials,https://www.youtube.com/watch?v=ASbixULEAnQ,,503.0,CHANNEL,skip,rotary/wrapped post-lean,
uXo2H2AKw64,How to create a simple two sided project in Vectric software | Two Sided Machining | V12 Tutorials,https://www.youtube.com/watch?v=uXo2H2AKw64,,874.0,CHANNEL,skip,two-sided post-lean,
lAh5FmmLpbo,How to create a spiral column in Vectric software | Wrapped Rotary Machining | V12 Tutorials,https://www.youtube.com/watch?v=lAh5FmmLpbo,,543.0,CHANNEL,skip,rotary/wrapped post-lean,
Le8OOle8DkQ,How to create your own two sided model in Vectric software | Two Sided Machining | V12 Tutorials,https://www.youtube.com/watch?v=Le8OOle8DkQ,,1554.0,CHANNEL,skip,two-sided post-lean,
j6OOniwHLv8,How to export cabinet files from 3rd party software in Vectric’s Advanced Machining Module - Part 1,https://www.youtube.com/watch?v=j6OOniwHLv8,,404.0,CHANNEL,skip,AMM cabinet/compensation module,
yeI0QDcPu68,How to generate a 3D model using EasyCreate,https://www.youtube.com/watch?v=yeI0QDcPu68,,978.0,CHANNEL,skip,EasyCarve/EasyCreate consumer line,
4_C__73SvGw,How to make Giant Handcuffs (Download FREE files),https://www.youtube.com/watch?v=4_C__73SvGw,,513.0,CHANNEL,wave2,uncategorized tutorial,
AoW4mt4hRHA,How to make a 'Lonely Sock' clipboard | Michael Tylers FREE Project of the Month | Vectric,https://www.youtube.com/watch?v=AoW4mt4hRHA,,894.0,CHANNEL,skip,project/marketing fluff,
9pnin6fJUpo,How to upload a photo for model generation in EasyCreate,https://www.youtube.com/watch?v=9pnin6fJUpo,,770.0,CHANNEL,skip,EasyCarve/EasyCreate consumer line,
x-btGhj6tTo,How to use Backgrounds,https://www.youtube.com/watch?v=x-btGhj6tTo,,420.0,CHANNEL,skip,cosmetic background tool,
UjASd2E5Zi0,How to use Model Regions,https://www.youtube.com/watch?v=UjASd2E5Zi0,,842.0,CHANNEL,wave2,defer: model regions,
WB_IBSYmdxM,How to use Text Regions,https://www.youtube.com/watch?v=WB_IBSYmdxM,,529.0,CHANNEL,wave2,defer: text regions,
R_7ZvoncCdY,How to use the Custom Enhance feature in EasyCreate,https://www.youtube.com/watch?v=R_7ZvoncCdY,,237.0,CHANNEL,skip,EasyCarve/EasyCreate consumer line,
MVxxoZNCB60,How to use the Drill Bank Feature in Vectric’s Advanced Machining Module,https://www.youtube.com/watch?v=MVxxoZNCB60,,980.0,CHANNEL,skip,AMM cabinet/compensation module,
OmLrz1EMdig,How to use the Laser Cut and Fill Toolpath in Vectric's Laser Module | Laser | V12.5 Tutorials,https://www.youtube.com/watch?v=OmLrz1EMdig,,966.0,CHANNEL,skip,laser excluded from lean scope,
pxXffiHNKB8,How to use the Laser Picture Toolpath in Vectric's Laser Module | Laser | V12.5 Tutorials,https://www.youtube.com/watch?v=pxXffiHNKB8,,636.0,CHANNEL,skip,laser excluded from lean scope,
17kt3ISpWdc,How to use the Laser Sketch Engraving Toolpath in Cut2D | Laser | V12.5 Tutorials,https://www.youtube.com/watch?v=17kt3ISpWdc,,446.0,CHANNEL,skip,laser excluded from lean scope,
2V7kmyrFQzQ,How to use the Laser Sketch Engraving Toolpath | Laser | V12.5 Tutorials,https://www.youtube.com/watch?v=2V7kmyrFQzQ,,709.0,CHANNEL,skip,laser excluded from lean scope,
-mLvrgTpnag,How to use the cabinet cut list and labelling import in Vectric’s Advanced Machining Module - Part 3,https://www.youtube.com/watch?v=-mLvrgTpnag,,932.0,CHANNEL,skip,AMM cabinet/compensation module,
exY5EeDH_io,Huge thank you to @broinwood for sending us this incredible inlay board 🙌,https://www.youtube.com/watch?v=exY5EeDH_io,,NA,CHANNEL,wave2,uncategorized tutorial,
r2B1LoKO6ls,Hybrid CNC & Laser Machining by Todd | Vectric Worldwide UGM 2020,https://www.youtube.com/watch?v=r2B1LoKO6ls,,3280.0,CHANNEL,skip,laser excluded from lean scope,
DVz89eS02mQ,Hybrid Laser CNC Machining with Olly | Vectric Worldwide UGM 2023,https://www.youtube.com/watch?v=DVz89eS02mQ,,2738.0,CHANNEL,skip,laser excluded from lean scope,
Ab1PobN3ndM,IT'S APRIL which means... It's almost time for V12 🎉,https://www.youtube.com/watch?v=Ab1PobN3ndM,,NA,CHANNEL,wave2,uncategorized tutorial,
0EWuIgyS7U0,If you use Vectric software… you need to be in this room. 👀,https://www.youtube.com/watch?v=0EWuIgyS7U0,,NA,CHANNEL,wave2,uncategorized tutorial,
RovTsNj-huw,Image To Vector Logo | Vector Drawing | V9,https://www.youtube.com/watch?v=RovTsNj-huw,,1503.0,CHANNEL,wave2,older-version duplicate of V12 tutorial,
Gr0IsQ4zA2U,Image to Vector Logo | Vectric V11 Tutorials,https://www.youtube.com/watch?v=Gr0IsQ4zA2U,,1257.0,CHANNEL,wave2,older-version duplicate of V12 tutorial,
H1JI02ORWSQ,Import and Unwrap Rotary 3D Model | 3D Toolpaths | V9,https://www.youtube.com/watch?v=H1JI02ORWSQ,,1326.0,CHANNEL,skip,rotary/wrapped post-lean,
-rx-oCb3Crw,Import and Unwrap a Full 3D Model for Rotary Machining | Vectric V11 Tutorials,https://www.youtube.com/watch?v=-rx-oCb3Crw,,1550.0,CHANNEL,skip,rotary/wrapped post-lean,
qcozLjK-PqU,Import and unwrap full 3D model in Vectric software | Wrapped Rotary Machining | V12.5 Tutorials,https://www.youtube.com/watch?v=qcozLjK-PqU,,1415.0,CHANNEL,skip,rotary/wrapped post-lean,
1mNmWPQfL-U,Import relief models for rotary machining in Vectric | Wrapped Rotary Machining | V12 Tutorials,https://www.youtube.com/watch?v=1mNmWPQfL-U,,841.0,CHANNEL,skip,rotary/wrapped post-lean,
ZPLMEYFFiAA,Importing 3D Data: Segmenting 3D Models | Vectric V11 Tutorials,https://www.youtube.com/watch?v=ZPLMEYFFiAA,,3727.0,CHANNEL,wave2,older-version duplicate of V12 tutorial,
NidW-d0ZBYk,Importing 3D Toolpaths | Vectric V11 Tutorials,https://www.youtube.com/watch?v=NidW-d0ZBYk,,1682.0,CHANNEL,wave2,older-version duplicate of V12 tutorial,
OxJQsdx8F0Q,Importing 3D model for two sided machining in Vectric software | Two Sided Machining | V12 Tutorials,https://www.youtube.com/watch?v=OxJQsdx8F0Q,,1755.0,CHANNEL,skip,two-sided post-lean,
7Nan3nfcJFo,Importing Flower Model | Getting Started | V9,https://www.youtube.com/watch?v=7Nan3nfcJFo,,1600.0,CHANNEL,wave2,older-version duplicate of V12 tutorial,
He6PR9lxC3g,Importing Flower Model | Vectric V11 Tutorials,https://www.youtube.com/watch?v=He6PR9lxC3g,,1989.0,CHANNEL,wave2,older-version duplicate of V12 tutorial,
LF9rIn8CYO4,Importing Relief Models for Rotary Machining | Vectric V11 Tutorials,https://www.youtube.com/watch?v=LF9rIn8CYO4,,1039.0,CHANNEL,skip,rotary/wrapped post-lean,
ypPGjM198Vw,Importing and Exporting 3D Data (STL),https://www.youtube.com/watch?v=ypPGjM198Vw,,657.0,CHANNEL,wave2,uncategorized tutorial,
9UeRZ432sWo,Importing and Exporting 3D Data | General Topics | V9,https://www.youtube.com/watch?v=9UeRZ432sWo,,2331.0,CHANNEL,wave2,older-version duplicate of V12 tutorial,
AGJ2TyStTDs,Importing and Exporting 3D Data | Vectric V11 Tutorials,https://www.youtube.com/watch?v=AGJ2TyStTDs,,1860.0,CHANNEL,wave2,older-version duplicate of V12 tutorial,
UMz6cyhAtCQ,Importing from PhotoVCarve,https://www.youtube.com/watch?v=UMz6cyhAtCQ,,456.0,CHANNEL,skip,photo V-carve excluded,
M08bpdooMx4,In Labs with Beki & Hannah | How to make a Bird | Vectric FREE CNC Projects,https://www.youtube.com/watch?v=M08bpdooMx4,,802.0,CHANNEL,skip,project/marketing fluff,
ni-wp_7wwTU,In Labs with Beki | Bending Wood & Using Resin to Make a Table & Stool Set | Vectric CNC Projects,https://www.youtube.com/watch?v=ni-wp_7wwTU,,2770.0,CHANNEL,skip,project/marketing fluff,
4fKCVUy_9wY,In Labs with Beki | Christmas Countdown | 12 Days of Christmas,https://www.youtube.com/watch?v=4fKCVUy_9wY,,654.0,CHANNEL,skip,project/marketing fluff,
zLWoQhu1PoU,In Labs with Beki | Christmas Tree | 12 Days of Christmas,https://www.youtube.com/watch?v=zLWoQhu1PoU,,758.0,CHANNEL,skip,project/marketing fluff,
m1m78utfgTQ,In Labs with Beki | Cut a Wood Bow Tie on your CNC!| Vectric FREE CNC Projects,https://www.youtube.com/watch?v=m1m78utfgTQ,,1536.0,CHANNEL,skip,project/marketing fluff,
Z7OAzIR7p4o,In Labs with Beki | Cutting Aluminium Wall Art | Vectric FREE CNC Projects,https://www.youtube.com/watch?v=Z7OAzIR7p4o,,768.0,CHANNEL,skip,project/marketing fluff,
I0ys3BFLShI,In Labs with Beki | How to make a Magic Wine Bottle Holder | Vectric FREE CNC Projects,https://www.youtube.com/watch?v=I0ys3BFLShI,,902.0,CHANNEL,skip,project/marketing fluff,
TDqEdoP5xBA,In Labs with Beki | How to make a Mini Wheelbarrow | Vectric FREE CNC Projects,https://www.youtube.com/watch?v=TDqEdoP5xBA,,1667.0,CHANNEL,skip,project/marketing fluff,
SzAJ9Mt0ZX0,In Labs with Beki | How to make a Wall Light | Vectric FREE CNC Projects,https://www.youtube.com/watch?v=SzAJ9Mt0ZX0,,1027.0,CHANNEL,skip,project/marketing fluff,
ewHTOdylpHk,In Labs with Beki | How to make your own Tic-Tac-Toe | FREE TRIAL Project | Vectric CNC Projects,https://www.youtube.com/watch?v=ewHTOdylpHk,,1566.0,CHANNEL,skip,project/marketing fluff,
nriCIvuarcM,In Labs with Beki | Make Your Own Giant 4-In-A-Row On Your CNC | Vectric FREE CNC Projects,https://www.youtube.com/watch?v=nriCIvuarcM,,1490.0,CHANNEL,skip,project/marketing fluff,
IVaYIgbXTZ0,In Labs with Beki | Make Your Own Original Artwork | Vectric FREE CNC Projects,https://www.youtube.com/watch?v=IVaYIgbXTZ0,,1695.0,CHANNEL,skip,project/marketing fluff,
g9mOSnc_IHY,In Labs with Beki | Make a Tablet Holder | Vectric FREE CNC Projects,https://www.youtube.com/watch?v=g9mOSnc_IHY,,1161.0,CHANNEL,skip,project/marketing fluff,
V0suq45Xi9o,In Labs with Beki | Make a hanging planter with a CNC | Vectric FREE CNC Projects,https://www.youtube.com/watch?v=V0suq45Xi9o,,1472.0,CHANNEL,skip,project/marketing fluff,
qD1wbq-dWsM,In Labs with Beki | Making a Bean Chair | Vectric FREE CNC Projects,https://www.youtube.com/watch?v=qD1wbq-dWsM,,1900.0,CHANNEL,skip,project/marketing fluff,
Fn3-zXYlJOI,In Labs with Beki | Making a Beer Flight with a CNC | Vectric FREE CNC Projects,https://www.youtube.com/watch?v=Fn3-zXYlJOI,,1316.0,CHANNEL,skip,project/marketing fluff,
aiHsgvF8n3w,In Labs with Beki | Making a Cribbage Board | Vectric FREE CNC Projects,https://www.youtube.com/watch?v=aiHsgvF8n3w,,1562.0,CHANNEL,skip,project/marketing fluff,
KIDikbIwvCY,In Labs with Beki | Making a Heart Shaped Box | Vectric FREE CNC Projects,https://www.youtube.com/watch?v=KIDikbIwvCY,,1063.0,CHANNEL,skip,project/marketing fluff,
Er9oUItgAbs,In Labs with Beki | Merry Mail | 12 Days of Christmas,https://www.youtube.com/watch?v=Er9oUItgAbs,,518.0,CHANNEL,skip,project/marketing fluff,
C0W23rH-LA8,In Labs with Beki | Reindeer Head | 12 Days of Christmas,https://www.youtube.com/watch?v=C0W23rH-LA8,,842.0,CHANNEL,skip,project/marketing fluff,
xZo0WLcPCeE,In Labs with Beki | Rustic Tree Decorations | 12 Days of Christmas,https://www.youtube.com/watch?v=xZo0WLcPCeE,,456.0,CHANNEL,skip,project/marketing fluff,
QzyVf3Wo_DA,In Labs with Beki | Snowflake | 12 Days of Christmas,https://www.youtube.com/watch?v=QzyVf3Wo_DA,,339.0,CHANNEL,skip,project/marketing fluff,
mARXz07iebk,In Labs with Beki | Starlight | 12 Days of Christmas,https://www.youtube.com/watch?v=mARXz07iebk,,593.0,CHANNEL,skip,project/marketing fluff,
IKWrlzik4sA,In Labs with Beki | Wine Bottle Holder | 12 Days of Christmas,https://www.youtube.com/watch?v=IKWrlzik4sA,,530.0,CHANNEL,skip,project/marketing fluff,
XuUYac_J0uk,In The Labs with David | Barley Twist Table - FREE ROTARY PROJECT | Vectric FREE CNC Projects,https://www.youtube.com/watch?v=XuUYac_J0uk,,4030.0,CHANNEL,skip,rotary/wrapped post-lean,
NJAG-eIUBU4,In The Labs with David | Making a Phone Docker | Vectric FREE CNC Projects,https://www.youtube.com/watch?v=NJAG-eIUBU4,,1594.0,CHANNEL,skip,project/marketing fluff,
rd20oz7BdQc,In the Labs With Todd | Penguin Welcome Sign | Vectric FREE CNC Projects,https://www.youtube.com/watch?v=rd20oz7BdQc,,1238.0,CHANNEL,skip,project/marketing fluff,
_dE8YRCJlyQ,In the Labs with David | Making a Moon Lamp | Vectric FREE CNC Projects,https://www.youtube.com/watch?v=_dE8YRCJlyQ,,2127.0,CHANNEL,skip,project/marketing fluff,
PhSvl1Q06zM,In the Labs with Tim Sway | Making Wooden Shot Glasses... NO ROTARY | Vectric FREE CNC Projects,https://www.youtube.com/watch?v=PhSvl1Q06zM,,1134.0,CHANNEL,skip,rotary/wrapped post-lean,
3MN8XHhSy4k,In the Labs with Todd | Making a Beard Comb | Vectric FREE CNC Projects,https://www.youtube.com/watch?v=3MN8XHhSy4k,,2300.0,CHANNEL,skip,project/marketing fluff,
UeSqPau3AIQ,In the Labs with Todd | Making a Catch-all Tray | Vectric FREE CNC Projects,https://www.youtube.com/watch?v=UeSqPau3AIQ,,1284.0,CHANNEL,skip,project/marketing fluff,
4EL6WFkf2Y0,In the Labs with Todd | Making a Coin Bank | Vectric FREE CNC Projects,https://www.youtube.com/watch?v=4EL6WFkf2Y0,,1931.0,CHANNEL,skip,project/marketing fluff,
9o1aa_Iir9k,In the Labs with Todd | Making a Pencil Box | Vectric FREE CNC Projects,https://www.youtube.com/watch?v=9o1aa_Iir9k,,1855.0,CHANNEL,skip,project/marketing fluff,
KieRm5tPROE,In the labs with Tim Sway | Making a Sporktula | Vectric FREE CNC Projects,https://www.youtube.com/watch?v=KieRm5tPROE,,1319.0,CHANNEL,skip,project/marketing fluff,
Qy6i2QxU40s,Interface Guide | General Topics | V9,https://www.youtube.com/watch?v=Qy6i2QxU40s,,1382.0,CHANNEL,wave2,older-version duplicate of V12 tutorial,
lvXLGWR7GIw,Interface Guide | Vectric V11 Tutorials,https://www.youtube.com/watch?v=lvXLGWR7GIw,,1324.0,CHANNEL,wave2,older-version duplicate of V12 tutorial,
nmHJ1gzyJWA,Interface Layout,https://www.youtube.com/watch?v=nmHJ1gzyJWA,,1104.0,CHANNEL,wave2,legacy interface layout (dup of V12 interface),
HFy0WccLn4A,Intro to Rotary Wrapped Text,https://www.youtube.com/watch?v=HFy0WccLn4A,,771.0,CHANNEL,skip,rotary/wrapped post-lean,
w3fyKwBnIvk,Introduction & Vectric Update by Edward Powell | Vectric Worldwide UGM 2020,https://www.youtube.com/watch?v=w3fyKwBnIvk,,1956.0,CHANNEL,skip,project/marketing fluff,
LnmJ3UyIWZg,Introduction & What's New at Vectric | Vectric Worldwide UGM 2023,https://www.youtube.com/watch?v=LnmJ3UyIWZg,,2735.0,CHANNEL,skip,project/marketing fluff,
Es9_zkNeGcE,Introduction To EasyCarve,https://www.youtube.com/watch?v=Es9_zkNeGcE,,204.0,CHANNEL,skip,EasyCarve/EasyCreate consumer line,
_LxUZFq-MHE,Introduction to Aspire's Interface,https://www.youtube.com/watch?v=_LxUZFq-MHE,,769.0,CHANNEL,wave2,dup of dfzBnuFNNnI interface intro,
35Q2mVo3-c0,Introduction to Components,https://www.youtube.com/watch?v=35Q2mVo3-c0,,410.0,CHANNEL,wave2,uncategorized tutorial,
K_aRMMR8juU,Introduction to Drawing | Vector Drawing | V9,https://www.youtube.com/watch?v=K_aRMMR8juU,,1193.0,CHANNEL,wave2,older-version duplicate of V12 tutorial,
XJ8fKNIIbTg,Introduction to Drawing | Vectric V11.5 Tutorials,https://www.youtube.com/watch?v=XJ8fKNIIbTg,,2268.0,CHANNEL,wave2,older-version duplicate of V12 tutorial,
zq5TS-T2UE4,Introduction to EasyCarve with V-Carving Text and Multi Regions,https://www.youtube.com/watch?v=zq5TS-T2UE4,,93.0,CHANNEL,skip,EasyCarve/EasyCreate consumer line,
56b4hLVF8iE,Introduction to Modeling | 3D Modeling | V9,https://www.youtube.com/watch?v=56b4hLVF8iE,,782.0,CHANNEL,wave2,older-version duplicate of V12 tutorial,
Kg_JdgV1DsY,Introduction to Modeling | Vectric V11 Tutorials,https://www.youtube.com/watch?v=Kg_JdgV1DsY,,863.0,CHANNEL,wave2,older-version duplicate of V12 tutorial,
bNYaA66G4Sg,Introduction to Rotary Wrapped Text | Vectric V11 Tutorials,https://www.youtube.com/watch?v=bNYaA66G4Sg,,779.0,CHANNEL,skip,rotary/wrapped post-lean,
07V_2fDKbVc,Introduction to Two Sided Machining,https://www.youtube.com/watch?v=07V_2fDKbVc,,2410.0,CHANNEL,skip,two-sided post-lean,
wfqag7m9erw,Introduction to Two Sided Machining | Vectric V11 Tutorials,https://www.youtube.com/watch?v=wfqag7m9erw,,2316.0,CHANNEL,skip,two-sided post-lean,
bGJnovKeM54,Introduction to two-sided machining in Vectric software | Two Sided Machining | V12 Tutorials,https://www.youtube.com/watch?v=bGJnovKeM54,,557.0,CHANNEL,skip,two-sided post-lean,
AHXJe650Z7M,Introduction to wrapped rotary in Vectric software | Wrapped Rotary Machining | V12 Tutorials,https://www.youtube.com/watch?v=AHXJe650Z7M,,645.0,CHANNEL,skip,rotary/wrapped post-lean,
mF2xOZ3hx6c,Its Workshop Wednesday #shorts,https://www.youtube.com/watch?v=mF2xOZ3hx6c,,NA,CHANNEL,skip,short-form promo,
mKEnR0zso_M,It’s coming home… to the CNC machine. ⚽🏆,https://www.youtube.com/watch?v=mKEnR0zso_M,,NA,CHANNEL,wave2,uncategorized tutorial,
-cVweYzxYOs,Key to my Heart | Michael Tyler's FREE Project of the Month | Vectric,https://www.youtube.com/watch?v=-cVweYzxYOs,,992.0,CHANNEL,skip,project/marketing fluff,
98jOQ3yCytQ,King Chess Piece | 3D Modeling | V9,https://www.youtube.com/watch?v=98jOQ3yCytQ,,2690.0,CHANNEL,wave2,older-version duplicate of V12 tutorial,
Mjcf-Pe2XKQ,King Chess Piece | Vectric V11 Tutorials,https://www.youtube.com/watch?v=Mjcf-Pe2XKQ,,2155.0,CHANNEL,wave2,older-version duplicate of V12 tutorial,
1ZpT677rh8c,Kitchen Accessories | In the Labs Vectric | FREE CNC Projects,https://www.youtube.com/watch?v=1ZpT677rh8c,,2164.0,CHANNEL,skip,project/marketing fluff,
LVDPNjMB9ck,Laser Etched CNC Project | Vectric FREE CNC Projects #shorts,https://www.youtube.com/watch?v=LVDPNjMB9ck,,NA,CHANNEL,skip,laser excluded from lean scope,
ps4s1SI5Lqs,Laser Etching | Vectric V11 Tutorials,https://www.youtube.com/watch?v=ps4s1SI5Lqs,,1522.0,CHANNEL,skip,laser excluded from lean scope,
Jmr4oE2kBhs,Laser Family Tree | Laser Etched CNC Project | In The Labs with Vectric | Vectric FREE CNC Projects,https://www.youtube.com/watch?v=Jmr4oE2kBhs,,3172.0,CHANNEL,skip,laser excluded from lean scope,
2-AWLV9W8yc,Laser Machining by Jay Johnson | Vectric Worldwide UGM 2020,https://www.youtube.com/watch?v=2-AWLV9W8yc,,2000.0,CHANNEL,skip,laser excluded from lean scope,
txv0RU6NjC4,Laser Terrain Maps - Eric Avid CNC | Vectric Worldwide UGM 2023,https://www.youtube.com/watch?v=txv0RU6NjC4,,3326.0,CHANNEL,skip,laser excluded from lean scope,
7HdfUrwZPqE,Layer Guide | General Topics | V9,https://www.youtube.com/watch?v=7HdfUrwZPqE,,1058.0,CHANNEL,wave2,older-version duplicate of V12 tutorial,
0kS3osTw8YQ,Layer Guide | Vectric V11 Tutorials,https://www.youtube.com/watch?v=0kS3osTw8YQ,,1973.0,CHANNEL,wave2,older-version duplicate of V12 tutorial,
ewzOGwwtjWw,Level Effects | Vectric V11 Tutorials,https://www.youtube.com/watch?v=ewzOGwwtjWw,,2083.0,CHANNEL,wave2,older-version duplicate of V12 tutorial,
F7FB8uPRsfg,Lighting Up Memories with David | Vectric Worldwide UGM 2023,https://www.youtube.com/watch?v=F7FB8uPRsfg,,3250.0,CHANNEL,skip,project/marketing fluff,
pPlAyROItG4,Lily Leaf Molding - Drawing | Vectric V11 Tutorials,https://www.youtube.com/watch?v=pPlAyROItG4,,1350.0,CHANNEL,wave2,older-version duplicate of V12 tutorial,
noVXz3u4Dbg,Lily Leaf Molding | 3D Modeling | V9,https://www.youtube.com/watch?v=noVXz3u4Dbg,,2197.0,CHANNEL,wave2,older-version duplicate of V12 tutorial,
4uKOMAHub0M,Lily Leaf Molding | Vector Drawing | V9,https://www.youtube.com/watch?v=4uKOMAHub0M,,1170.0,CHANNEL,wave2,older-version duplicate of V12 tutorial,
yJPnWpQPcCU,Lily Leaf Molding | Vectric V11 Tutorials,https://www.youtube.com/watch?v=yJPnWpQPcCU,,2439.0,CHANNEL,wave2,older-version duplicate of V12 tutorial,
z-kXlzvQQy4,Lioness | 3D Modeling | V9,https://www.youtube.com/watch?v=z-kXlzvQQy4,,2904.0,CHANNEL,wave2,older-version duplicate of V12 tutorial,
OcNKoT4ARx8,Lioness | 3D Toolpaths | V9,https://www.youtube.com/watch?v=OcNKoT4ARx8,,1093.0,CHANNEL,wave2,older-version duplicate of V12 tutorial,
5weFtxgFnwo,Lioness | Vectric V11 Tutorials,https://www.youtube.com/watch?v=5weFtxgFnwo,,3054.0,CHANNEL,wave2,older-version duplicate of V12 tutorial,
zVRTQ7nLLoY,Lit Snowflake Decoration with Todd | The 12 Projects of Christmas Day 8 | Vectric Project,https://www.youtube.com/watch?v=zVRTQ7nLLoY,,912.0,CHANNEL,skip,project/marketing fluff,
GXEA0P3LX4E,Lithophane Creation | General Topics | V9,https://www.youtube.com/watch?v=GXEA0P3LX4E,,1298.0,CHANNEL,skip,lithophane excluded,
zeDhGjawk4U,Lithophane Creation | Vectric V11 Tutorials,https://www.youtube.com/watch?v=zeDhGjawk4U,,1275.0,CHANNEL,skip,lithophane excluded,
yUaSsL4F6_E,Live How To with Todd & Mark Lindsay | Making Your First VCarved Inlay | Vectric FREE CNC Project,https://www.youtube.com/watch?v=yUaSsL4F6_E,,4400.0,CHANNEL,wave2,uncategorized tutorial,
rNTJqcr1lN8,Live How To with Todd & Tim Sway | Making A Pizza Puzzle and Checkers | Vectric FREE CNC Project,https://www.youtube.com/watch?v=rNTJqcr1lN8,,2796.0,CHANNEL,wave2,uncategorized tutorial,
XBa6W7L_ZFU,Live How To with Todd & Tim Sway | Making A Wearable Cajon (Drum) | Vectric FREE CNC Project,https://www.youtube.com/watch?v=XBa6W7L_ZFU,,3405.0,CHANNEL,wave2,uncategorized tutorial,
cMSq4FkqZQI,Live Q&A with Beki | Happy Fall Sign | Vectric FREE CNC Projects,https://www.youtube.com/watch?v=cMSq4FkqZQI,,5495.0,CHANNEL,skip,project/marketing fluff,
Z5opoOBiOPY,Live Q&A with Beki | Mothers Day Button | Vectric FREE CNC Projects,https://www.youtube.com/watch?v=Z5opoOBiOPY,,3756.0,CHANNEL,skip,project/marketing fluff,
HAwKTL8jqs4,Live Q&A with Beki | Stretching the Boundaries of 3D in Vectric's VCarve Software | Vectric FREE CNC,https://www.youtube.com/watch?v=HAwKTL8jqs4,,5284.0,CHANNEL,wave2,uncategorized tutorial,
yEKzaj_Rs4I,Live Q&A with Beki | Welcome to Our Home Sign | Vectric FREE CNC Projects,https://www.youtube.com/watch?v=yEKzaj_Rs4I,,3693.0,CHANNEL,skip,project/marketing fluff,
q9IY39jfy60,Live Q&A with Beki | Wooden Backpack | Vectric FREE CNC Projects,https://www.youtube.com/watch?v=q9IY39jfy60,,4939.0,CHANNEL,skip,project/marketing fluff,
1CeyVQBjDrA,Live Q&A with Todd & Karen Hadden | Building A CNC Facebook Group | Vectric FREE CNC Project,https://www.youtube.com/watch?v=1CeyVQBjDrA,,3577.0,CHANNEL,wave2,uncategorized tutorial,
_imvPDRy7t0,Live Q&A with Todd & Peter Parfitt | Making a Shoe Horn | Vectric FREE CNC Project,https://www.youtube.com/watch?v=_imvPDRy7t0,,4970.0,CHANNEL,wave2,uncategorized tutorial,
8Xo7PIuOxng,Live Q&A with Todd | Desk Lamp | Vectric FREE CNC Projects,https://www.youtube.com/watch?v=8Xo7PIuOxng,,4509.0,CHANNEL,skip,project/marketing fluff,
IYy606G59b0,Live Q&A with Todd | Let's Make A Pizza Cutter Box | Vectric FREE CNC Projects,https://www.youtube.com/watch?v=IYy606G59b0,,2606.0,CHANNEL,skip,project/marketing fluff,
TKnmZE0JEnU,Live Q&A with Todd | Make Your Own Halloween Jack-O'-Lantern Candy Dish | Vectric FREE CNC Projects,https://www.youtube.com/watch?v=TKnmZE0JEnU,,3056.0,CHANNEL,skip,project/marketing fluff,
x7yPnT-LOWE,Live Q&A with Todd | Make Your Own Wooden Headphone Stand | Vectric FREE CNC Projects,https://www.youtube.com/watch?v=x7yPnT-LOWE,,3315.0,CHANNEL,skip,project/marketing fluff,
RoCZzcfL_7Q,Live Q&A with Todd | Shop Phone Speaker | Vectric FREE CNC Projects,https://www.youtube.com/watch?v=RoCZzcfL_7Q,,5261.0,CHANNEL,skip,project/marketing fluff,
jGXsAVaMJoE,Live Q&A with Todd | Slot Together Puzzles | Vectric FREE CNC Projects,https://www.youtube.com/watch?v=jGXsAVaMJoE,,2380.0,CHANNEL,skip,project/marketing fluff,
VplcNZrUzmM,Live Q&A with Todd | The BBQ Board | Vectric FREE CNC Projects,https://www.youtube.com/watch?v=VplcNZrUzmM,,4597.0,CHANNEL,skip,project/marketing fluff,
fkf2C-IIQ_c,Live Q&A with Todd | The VPucket Game | Vectric FREE CNC Projects,https://www.youtube.com/watch?v=fkf2C-IIQ_c,,3516.0,CHANNEL,skip,project/marketing fluff,
b2gEA_cMtrw,Live in the Labs with Beki & Todd - Introduction & Welcome,https://www.youtube.com/watch?v=b2gEA_cMtrw,,792.0,CHANNEL,skip,project/marketing fluff,
kjth6cCI4qM,Live in the Labs with Beki & Todd - Q&A & Machining Clipart,https://www.youtube.com/watch?v=kjth6cCI4qM,,1591.0,CHANNEL,skip,project/marketing fluff,
1nrGhxroAak,Live in the Labs with Beki & Todd - Q&A Show & Tell Top 3,https://www.youtube.com/watch?v=1nrGhxroAak,,1271.0,CHANNEL,skip,project/marketing fluff,
PCAKwzkRoVE,Live in the Labs with Beki & Todd - Show & Tell competition Winner & Big announcement,https://www.youtube.com/watch?v=PCAKwzkRoVE,,566.0,CHANNEL,skip,project/marketing fluff,
dbvgsL9Rr9o,Live in the Labs with Beki & Todd - Thanks for watching,https://www.youtube.com/watch?v=dbvgsL9Rr9o,,770.0,CHANNEL,skip,project/marketing fluff,
R3JvIFnyw1Y,Live in the Labs with Beki & Todd - Welcome to Day 2,https://www.youtube.com/watch?v=R3JvIFnyw1Y,,1091.0,CHANNEL,skip,project/marketing fluff,
Bd9T74HdhMY,Live in the Labs with Beki & Todd - Workshop Storage Q&A & Sign Review,https://www.youtube.com/watch?v=Bd9T74HdhMY,,1480.0,CHANNEL,skip,project/marketing fluff,
70VS7CP6-VU,Live in the Labs with Edward & Todd - What's New Q&A,https://www.youtube.com/watch?v=70VS7CP6-VU,,2460.0,CHANNEL,skip,project/marketing fluff,
IuxhdhCRI6A,Luxury Watch Holder | In the Labs Vectric | FREE CNC Projects,https://www.youtube.com/watch?v=IuxhdhCRI6A,,2240.0,CHANNEL,skip,project/marketing fluff,
J0BVCo8uRWU,Mac users… the wait is nearly over,https://www.youtube.com/watch?v=J0BVCo8uRWU,,NA,CHANNEL,wave2,uncategorized tutorial,
beq82_AOIFE,Machine Configuration Guide | Vectric V11 Tutorials,https://www.youtube.com/watch?v=beq82_AOIFE,,1401.0,CHANNEL,wave2,older-version duplicate of V12 tutorial,
IzT4A2t8f6k,Magic Beans Coffee Sign - 3D Modelling | Vectric V11 Tutorials,https://www.youtube.com/watch?v=IzT4A2t8f6k,,2439.0,CHANNEL,wave2,older-version duplicate of V12 tutorial,
cYQnTvNKGBU,Magic Beans Coffee Sign - 3D Toolpaths | Vectric V11 Tutorials,https://www.youtube.com/watch?v=cYQnTvNKGBU,,1121.0,CHANNEL,wave2,older-version duplicate of V12 tutorial,
4WtT87gtuT4,Magic Beans Coffee Sign | 3D Modeling | V9,https://www.youtube.com/watch?v=4WtT87gtuT4,,1748.0,CHANNEL,wave2,older-version duplicate of V12 tutorial,
slu8UyKUZr8,Magic Beans Coffee Sign | 3D Toolpaths | V9,https://www.youtube.com/watch?v=slu8UyKUZr8,,995.0,CHANNEL,wave2,older-version duplicate of V12 tutorial,
wCUGKg9Tr_Y,Magic Beans Coffee Sign | Vector Drawing | V9,https://www.youtube.com/watch?v=wCUGKg9Tr_Y,,1736.0,CHANNEL,wave2,older-version duplicate of V12 tutorial,
2InWmpi3jVk,Magic Beans Coffee Sign | Vectric V11 Tutorials,https://www.youtube.com/watch?v=2InWmpi3jVk,,2674.0,CHANNEL,wave2,older-version duplicate of V12 tutorial,
hpRlb8oSFQE,Makers Central Highlights 2023 | Vectric Unveil Victor | Supercharge your CNC,https://www.youtube.com/watch?v=hpRlb8oSFQE,,158.0,CHANNEL,wave2,uncategorized tutorial,
prwD8XCCAF8,Making 3D Mandala Decoration Using Hybrid CNC & Laser | In the Labs Vectric | FREE CNC Projects,https://www.youtube.com/watch?v=prwD8XCCAF8,,1166.0,CHANNEL,skip,laser excluded from lean scope,
uSPm88Gf29U,Making 3D Mandala Decoration Using Hybrid CNC & Laser | Vectric FREE CNC Projects #shorts,https://www.youtube.com/watch?v=uSPm88Gf29U,,NA,CHANNEL,skip,laser excluded from lean scope,
uGySu7op7S8,Making 3D Stencil on your CNC | Vectric FREE CNC Projects #Shorts,https://www.youtube.com/watch?v=uGySu7op7S8,,NA,CHANNEL,skip,project/marketing fluff,
v1qzaB8PA-A,Making A Garden Bench Episode 1 2D Design | In the Labs with Todd | Vectric FREE CNC Projects,https://www.youtube.com/watch?v=v1qzaB8PA-A,,3830.0,CHANNEL,skip,project/marketing fluff,
5MhGPfMu8kI,Making A Garden Bench Episode 2 Easy 3D Modeling | In the Labs with Todd | Vectric FREE CNC Projects,https://www.youtube.com/watch?v=5MhGPfMu8kI,,1926.0,CHANNEL,skip,project/marketing fluff,
C3ywIj_J3H8,Making A Garden Bench Episode 3 In the Labs | In the Labs with Todd | Vectric FREE CNC Projects,https://www.youtube.com/watch?v=C3ywIj_J3H8,,1390.0,CHANNEL,skip,project/marketing fluff,
rqQIikDTrWw,Making Birdie & Frame Using Aspire Modeling Tools | In the Labs with Vectric | FREE CNC Projects,https://www.youtube.com/watch?v=rqQIikDTrWw,,3661.0,CHANNEL,skip,project/marketing fluff,
ePVeWxkBpyk,Making Christmas Countdown Project | In the Labs at Christmas | Vectric FREE CNC Projects,https://www.youtube.com/watch?v=ePVeWxkBpyk,,1840.0,CHANNEL,skip,project/marketing fluff,
HVKy5yLjOtE,Making Christmas Lantern Project | In the Labs at Christmas | Vectric FREE CNC Projects,https://www.youtube.com/watch?v=HVKy5yLjOtE,,1856.0,CHANNEL,skip,project/marketing fluff,
LqvFjxtHHsQ,Making Emoji Stand and Pencil Holder | In the Labs with Todd | Vectric FREE CNC Projects,https://www.youtube.com/watch?v=LqvFjxtHHsQ,,359.0,CHANNEL,skip,project/marketing fluff,
kqOx92T9yPg,Making Farmhouse Candle Holders Using Rotary CNC | In the Labs Vectric | FREE CNC Projects,https://www.youtube.com/watch?v=kqOx92T9yPg,,2780.0,CHANNEL,skip,rotary/wrapped post-lean,
WVBr6aO_45c,Making Game Station Controller & Headphone Stand | In the Labs with Beki | Vectric FREE CNC Projects,https://www.youtube.com/watch?v=WVBr6aO_45c,,1813.0,CHANNEL,skip,project/marketing fluff,
oNqjQQinvc0,Making Holiday Serving Tray | Vectric Holiday Make Off | Vectric FREE CNC Projects,https://www.youtube.com/watch?v=oNqjQQinvc0,,1874.0,CHANNEL,skip,project/marketing fluff,
CyXl-btVYO0,Making Jewelry Tray with Sketch Carving | In the Labs with Vectric | Vectric FREE CNC Projects,https://www.youtube.com/watch?v=CyXl-btVYO0,,1444.0,CHANNEL,skip,project/marketing fluff,
Txs6UJYl38Q,Making Jewelry Tray with Sketch Carving | Vectric FREE CNC Projects #shorts,https://www.youtube.com/watch?v=Txs6UJYl38Q,,NA,CHANNEL,skip,project/marketing fluff,
PyVnuK_ugmk,Making Money From Your CNC | Vectric Online UGM 2025,https://www.youtube.com/watch?v=PyVnuK_ugmk,,3197.0,CHANNEL,skip,project/marketing fluff,
TtrucKTdbFc,Making More CNC Accessories | In the Labs with Vectric | Vectric FREE CNC Projects,https://www.youtube.com/watch?v=TtrucKTdbFc,,3369.0,CHANNEL,skip,project/marketing fluff,
S5Hlsxqksws,Making More CNC Accessories | Vectric FREE CNC Projects #shorts,https://www.youtube.com/watch?v=S5Hlsxqksws,,NA,CHANNEL,skip,project/marketing fluff,
4Mx6QxidKrU,Making Mystery Mantel Message Project | In the Labs at Christmas | Vectric FREE CNC Projects,https://www.youtube.com/watch?v=4Mx6QxidKrU,,1136.0,CHANNEL,skip,project/marketing fluff,
N9Q1msUGDuw,Making Pumpkin Patch Decor | Michael Tyler's FREE Project of the Month,https://www.youtube.com/watch?v=N9Q1msUGDuw,,1034.0,CHANNEL,skip,project/marketing fluff,
fsCpaS5cxMU,Making Pumpkin Pie Dish | In The Labs with Vectric | Vectric FREE CNC Projects,https://www.youtube.com/watch?v=fsCpaS5cxMU,,2305.0,CHANNEL,skip,project/marketing fluff,
YrKNF5OaDww,Making Pumpkin Pie Dish | Vectric FREE CNC Projects #shorts,https://www.youtube.com/watch?v=YrKNF5OaDww,,NA,CHANNEL,skip,project/marketing fluff,
2dlRHiFoqCo,"Making Rack, Rack - MOOSE | Michael Tyler's FREE CNC Project of the Month | Vectric",https://www.youtube.com/watch?v=2dlRHiFoqCo,,1043.0,CHANNEL,skip,project/marketing fluff,
WeFzQCXGfdw,Making Retro Candy Dispenser | In the Labs with Vectric | Vectric FREE CNC Projects,https://www.youtube.com/watch?v=WeFzQCXGfdw,,2722.0,CHANNEL,skip,project/marketing fluff,
yK3dyeInZ2Q,Making Retro Candy Dispenser | Vectric FREE CNC Projects #shorts,https://www.youtube.com/watch?v=yK3dyeInZ2Q,,NA,CHANNEL,skip,project/marketing fluff,
M3yrt6kOOyQ,Making Rudi Reindeer Project | In the Labs at Christmas | Vectric FREE CNC Projects,https://www.youtube.com/watch?v=M3yrt6kOOyQ,,1849.0,CHANNEL,skip,project/marketing fluff,
P3DgByaZQCo,Making Santa’s Magic Key | Vectric Holiday Make Off | Vectric FREE CNC Projects,https://www.youtube.com/watch?v=P3DgByaZQCo,,2234.0,CHANNEL,skip,project/marketing fluff,
8QQnanfviwU,Making Serving Board Using VCarve Inlay | In the Labs with Vectric | Vectric FREE CNC Projects,https://www.youtube.com/watch?v=8QQnanfviwU,,2303.0,CHANNEL,skip,project/marketing fluff,
WzlBRJl4xzI,Making Serving Board Using VCarve Inlay | Vectric FREE CNC Projects #shorts,https://www.youtube.com/watch?v=WzlBRJl4xzI,,NA,CHANNEL,skip,project/marketing fluff,
0KGICT7euPU,Making Spooky Halloween Signs Free Trial Project | In the Labs Vectric | FREE CNC Projects,https://www.youtube.com/watch?v=0KGICT7euPU,,1684.0,CHANNEL,skip,project/marketing fluff,
dAY46KSva9c,Making Spooky Halloween Signs Free Trial Project | Vectric FREE CNC Projects #shorts,https://www.youtube.com/watch?v=dAY46KSva9c,,NA,CHANNEL,skip,project/marketing fluff,
d64Y-tp48_Q,Making Stacking Coasters | In the Labs with Beki | Vectric FREE CNC Projects,https://www.youtube.com/watch?v=d64Y-tp48_Q,,1686.0,CHANNEL,skip,project/marketing fluff,
lVleeg7PJgY,Making Steampunk Ornaments | Michael Tyler's FREE CNC Project of the Month | Vectric,https://www.youtube.com/watch?v=lVleeg7PJgY,,691.0,CHANNEL,skip,project/marketing fluff,
fGZJA6fDKi8,Making The Bird Shack  | Michael Tyler's FREE CNC Project of the Month | Vectric,https://www.youtube.com/watch?v=fGZJA6fDKi8,,1757.0,CHANNEL,skip,project/marketing fluff,
CAzAvPwpOB8,Making The Bookpile Box | Michael Tyler's FREE CNC Project of the Month | Vectric,https://www.youtube.com/watch?v=CAzAvPwpOB8,,2077.0,CHANNEL,skip,project/marketing fluff,
a-_Y7YSCIZM,Making The Chocolate Dipped Strawberry Dish  | Michael Tyler's FREE CNC Project | Vectric,https://www.youtube.com/watch?v=a-_Y7YSCIZM,,935.0,CHANNEL,wave2,uncategorized tutorial,
g93bekw2MPs,Making The Crayon Box Wall Clock  | Michael Tyler's FREE CNC Project of the Month | Vectric,https://www.youtube.com/watch?v=g93bekw2MPs,,896.0,CHANNEL,skip,project/marketing fluff,
wGl6J0qnKSM,Making The Cutie Boxes | Michael Tyler's FREE CNC Project of the Month | Vectric,https://www.youtube.com/watch?v=wGl6J0qnKSM,,575.0,CHANNEL,skip,project/marketing fluff,
Jg_kQkBS4_M,Making The Egg Shaker | In the Labs with Tim Sway | Vectric FREE CNC Projects,https://www.youtube.com/watch?v=Jg_kQkBS4_M,,965.0,CHANNEL,skip,project/marketing fluff,
IILvYql2kgs,Making The Flat Pack Guitar Stool | In the Labs with Tim Sway | Vectric FREE CNC Projects,https://www.youtube.com/watch?v=IILvYql2kgs,,922.0,CHANNEL,skip,project/marketing fluff,
ywym62El5DI,Making The Fresh Spring Clock  | Michael Tyler's FREE CNC Project | Vectric,https://www.youtube.com/watch?v=ywym62El5DI,,679.0,CHANNEL,wave2,uncategorized tutorial,
venj8DT89Rc,Making The Mothers Day Plaque | Michael Tyler's FREE Project of the Month | Vectric,https://www.youtube.com/watch?v=venj8DT89Rc,,833.0,CHANNEL,skip,project/marketing fluff,
nuo3Ou8YwJk,Making The REAL Box Turtle  | Michael Tyler's FREE CNC Project of the Month | Vectric,https://www.youtube.com/watch?v=nuo3Ou8YwJk,,1347.0,CHANNEL,skip,project/marketing fluff,
VqiT5zqjHPc,Making The Solunar Box | Michael Tyler's FREE Project of the Month | Vectric,https://www.youtube.com/watch?v=VqiT5zqjHPc,,991.0,CHANNEL,skip,project/marketing fluff,
_TvWRpYJGC0,Making Tic Tac Toe Game | In the Labs with Vectric | Vectric FREE CNC Projects,https://www.youtube.com/watch?v=_TvWRpYJGC0,,1869.0,CHANNEL,skip,project/marketing fluff,
DXeMYRD38-A,Making Tic Tac Toe Game | Vectric FREE CNC Projects #shorts,https://www.youtube.com/watch?v=DXeMYRD38-A,,NA,CHANNEL,skip,project/marketing fluff,
DBMO7NRUfYw,Making Tools on your CNC | Vectric FREE CNC Projects #shorts,https://www.youtube.com/watch?v=DBMO7NRUfYw,,NA,CHANNEL,skip,project/marketing fluff,
RCczFOsZef4,Making Tree Snack Tray Project | In the Labs at Christmas | Vectric FREE CNC Projects,https://www.youtube.com/watch?v=RCczFOsZef4,,1334.0,CHANNEL,skip,project/marketing fluff,
tbCUlh7Qbdc,Making Winter Scene Slot Together Project | In the Labs at Christmas | Vectric FREE CNC Projects,https://www.youtube.com/watch?v=tbCUlh7Qbdc,,1507.0,CHANNEL,skip,project/marketing fluff,
uMHWZWQ5CBA,Making a Ambidextrous Guitar | In the Labs with Tim Sway | Vectric FREE CNC Projects,https://www.youtube.com/watch?v=uMHWZWQ5CBA,,1577.0,CHANNEL,skip,project/marketing fluff,
dZfRvDKtuUI,Making a Animal Lamp Project | In the Labs with Tim Sway | Vectric FREE CNC Projects,https://www.youtube.com/watch?v=dZfRvDKtuUI,,821.0,CHANNEL,skip,project/marketing fluff,
QfVrWMqo_8w,Making a Arciform Mirror  | Michael Tyler's FREE CNC Project of the Month | Vectric,https://www.youtube.com/watch?v=QfVrWMqo_8w,,980.0,CHANNEL,skip,project/marketing fluff,
ohiH7hjBrZM,Making a Box with a CNC | Michael Tylers FREE Project of the Month | Vectric,https://www.youtube.com/watch?v=ohiH7hjBrZM,,1392.0,CHANNEL,skip,project/marketing fluff,
xC5ZYzr1x5w,Making a Cake Pedestal | Michael Tylers FREE Project of the Month | Vectric,https://www.youtube.com/watch?v=xC5ZYzr1x5w,,692.0,CHANNEL,skip,project/marketing fluff,
yWy22pIEzRU,Making a Clock | Michael Tylers FREE Project of the Month | Vectric,https://www.youtube.com/watch?v=yWy22pIEzRU,,1990.0,CHANNEL,skip,project/marketing fluff,
5MDf1klxI7g,Making a Commemorative Plaque | In the Labs with Todd | Vectric FREE CNC Projects,https://www.youtube.com/watch?v=5MDf1klxI7g,,1756.0,CHANNEL,skip,project/marketing fluff,
G5TzF1k0VW0,Making a DIY Mini Wood Guitar Project | In the Labs with Tim Sway | Vectric FREE CNC Projects,https://www.youtube.com/watch?v=G5TzF1k0VW0,,1428.0,CHANNEL,skip,project/marketing fluff,
FgZao_uwKKg,Making a Fish Dish | Michael Tyler's FREE CNC Project of the Month | Vectric,https://www.youtube.com/watch?v=FgZao_uwKKg,,365.0,CHANNEL,skip,project/marketing fluff,
wM6eOuiEnqM,Making a Lakeside Bear Clock | Michael Tyler's FREE Project of the Month | Vectric,https://www.youtube.com/watch?v=wM6eOuiEnqM,,863.0,CHANNEL,skip,project/marketing fluff,
7icBptSy-WA,Making a Love Birds Arborglyph | Michael Tyler's FREE Project of the Month | Vectric,https://www.youtube.com/watch?v=7icBptSy-WA,,1365.0,CHANNEL,skip,project/marketing fluff,
RNaKmji3Py8,Making a Mancala Board Game Project with Axiom Precision | Vectric FREE CNC Project,https://www.youtube.com/watch?v=RNaKmji3Py8,,391.0,CHANNEL,wave2,uncategorized tutorial,
X7av6QUbTWE,Making a Napkin Holder | Michael Tyler's FREE Project of the Month | Vectric,https://www.youtube.com/watch?v=X7av6QUbTWE,,996.0,CHANNEL,skip,project/marketing fluff,
iW_5lf1_ApY,Making a Nativity Scene | Michael Tyler's FREE Project of the Month | Vectric,https://www.youtube.com/watch?v=iW_5lf1_ApY,,486.0,CHANNEL,skip,project/marketing fluff,
GimNXQ820fQ,Making a Paradise Hand Mirror | Michael Tyler's FREE Project of the Month | Vectric,https://www.youtube.com/watch?v=GimNXQ820fQ,,661.0,CHANNEL,skip,project/marketing fluff,
PfqBAHUjNsM,Making a Parish Pump Planter | Michael Tyler's FREE CNC Project of the Month | Vectric,https://www.youtube.com/watch?v=PfqBAHUjNsM,,923.0,CHANNEL,skip,project/marketing fluff,
kNAGiYcRWEI,Making a Phone Stand | Michael Tyler's FREE Project of the Month | Vectric,https://www.youtube.com/watch?v=kNAGiYcRWEI,,517.0,CHANNEL,skip,project/marketing fluff,
22ztQ3S2VxU,Making a Photo Frame | Michael Tyler's FREE Project of the Month | Vectric,https://www.youtube.com/watch?v=22ztQ3S2VxU,,1695.0,CHANNEL,skip,project/marketing fluff,
8FXKkLXr2Fs,Making a Planter | Michael Tylers FREE Project of the Month | Vectric,https://www.youtube.com/watch?v=8FXKkLXr2Fs,,2105.0,CHANNEL,skip,project/marketing fluff,
AoEWSxbAlPU,Making a Remote Control Depository | Michael Tyler's FREE CNC Project of the Month | Vectric,https://www.youtube.com/watch?v=AoEWSxbAlPU,,585.0,CHANNEL,skip,project/marketing fluff,
PHT0izFyrIs,Making a Rocket Clock with a CNC | Michael Tylers FREE Project of the Month | Vectric,https://www.youtube.com/watch?v=PHT0izFyrIs,,1035.0,CHANNEL,skip,project/marketing fluff,
ZbmTfWtv7-4,Making a Scrapbook Cover | In the Labs with Beki | Vectric FREE CNC Projects,https://www.youtube.com/watch?v=ZbmTfWtv7-4,,1325.0,CHANNEL,skip,project/marketing fluff,
ofx1ucJKHqo,Making a Sleigh using a CNC | Michael Tyler's FREE Project of the Month | Vectric,https://www.youtube.com/watch?v=ofx1ucJKHqo,,2785.0,CHANNEL,skip,project/marketing fluff,
hvctQKkZWQQ,Making a Spooky Spider Box | In The Labs with Vectric | Vectric FREE CNC Projects,https://www.youtube.com/watch?v=hvctQKkZWQQ,,1634.0,CHANNEL,skip,project/marketing fluff,
Ff4zOGCtHAI,Making a Spooky Spider Box | Vectric FREE CNC Projects #shorts,https://www.youtube.com/watch?v=Ff4zOGCtHAI,,NA,CHANNEL,skip,project/marketing fluff,
1aDqkZQm_uI,Making a Sundial | In the Labs with Todd | Vectric FREE CNC Projects,https://www.youtube.com/watch?v=1aDqkZQm_uI,,1722.0,CHANNEL,skip,project/marketing fluff,
FJMnpIYnwkY,Making a Table Trellis | Michael Tyler's FREE Project of the Month | Vectric,https://www.youtube.com/watch?v=FJMnpIYnwkY,,697.0,CHANNEL,skip,project/marketing fluff,
cc_JEQWgziM,Making a Toddler Stand | In The Labs with Vectric | Vectric FREE CNC Projects,https://www.youtube.com/watch?v=cc_JEQWgziM,,1294.0,CHANNEL,skip,project/marketing fluff,
0tUPTABbc5s,Making a Trinket Tray | In the Labs with Beki | Vectric FREE CNC Projects,https://www.youtube.com/watch?v=0tUPTABbc5s,,1923.0,CHANNEL,skip,project/marketing fluff,
Fti2J6foi1k,Making a Tufted Heart Pen Holder  | Michael Tyler's FREE CNC Project of the Month | Vectric,https://www.youtube.com/watch?v=Fti2J6foi1k,,1066.0,CHANNEL,skip,project/marketing fluff,
LtMj8qNfSoU,Making a UV Light Up Seed Display | Michael Tyler's FREE Project of the Month | Vectric,https://www.youtube.com/watch?v=LtMj8qNfSoU,,1718.0,CHANNEL,skip,project/marketing fluff,
aebiwgUZUM4,Making a Whiskey Box & Coasters | In the Labs with Tim Sway | Vectric FREE CNC Projects,https://www.youtube.com/watch?v=aebiwgUZUM4,,1663.0,CHANNEL,skip,project/marketing fluff,
-xp4rFDpTBY,Making a Wreath | Michael Tyler's FREE Project of the Month | Vectric,https://www.youtube.com/watch?v=-xp4rFDpTBY,,928.0,CHANNEL,skip,project/marketing fluff,
DnS9iMr2h90,Making an Adventure Map | In the Labs with Todd | Vectric FREE CNC Projects,https://www.youtube.com/watch?v=DnS9iMr2h90,,911.0,CHANNEL,skip,project/marketing fluff,
BHNVpxwGFoQ,Making an Explorer Frame | In the Labs with Todd | Vectric FREE CNC Projects,https://www.youtube.com/watch?v=BHNVpxwGFoQ,,1084.0,CHANNEL,skip,project/marketing fluff,
J6JOhFcHXhc,Mantel Assembly | 3D Modeling | V9,https://www.youtube.com/watch?v=J6JOhFcHXhc,,1820.0,CHANNEL,wave2,older-version duplicate of V12 tutorial,
lTmf1MHSdv4,Mantel Assembly | Vectric V11.5 Tutorials,https://www.youtube.com/watch?v=lTmf1MHSdv4,,1425.0,CHANNEL,wave2,older-version duplicate of V12 tutorial,
N5tPTxMrdG4,Mantel Decoration with Todd | The 12 Projects of Christmas Day 10 | Vectric Project,https://www.youtube.com/watch?v=N5tPTxMrdG4,,869.0,CHANNEL,skip,project/marketing fluff,
WyuWQxlTf1c,Map to the top - Topo Toolpaths with Cory and Sami from Avid CNC | Vectric Worldwide UGM 2021,https://www.youtube.com/watch?v=WyuWQxlTf1c,,2921.0,CHANNEL,skip,project/marketing fluff,
tiyuEQsy6Vk,Master The Grid Integrate Precisely | Vectric EasyCarve #short #shorts,https://www.youtube.com/watch?v=tiyuEQsy6Vk,,NA,CHANNEL,skip,EasyCarve/EasyCreate consumer line,
4ez0os6HJSU,Meet Easy Clone 👀🤖,https://www.youtube.com/watch?v=4ez0os6HJSU,,NA,CHANNEL,wave2,uncategorized tutorial,
gpu911LjbEQ,Meet the simplest way to create custom CNC projects 👇,https://www.youtube.com/watch?v=gpu911LjbEQ,,NA,CHANNEL,wave2,uncategorized tutorial,
ryI7RYZpdjM,Memories in Wood with PhotoVCarving | CNC Carving Filmstrip PhotoVCarve | Vectric FREE CNC Projects,https://www.youtube.com/watch?v=ryI7RYZpdjM,,2004.0,CHANNEL,skip,photo V-carve excluded,
0kxZTFR_moo,Memories in Wood with PhotoVCarving | Vectric FREE CNC Projects #shorts,https://www.youtube.com/watch?v=0kxZTFR_moo,,NA,CHANNEL,skip,project/marketing fluff,
_m2HHFmv63s,Modeling a Spindle for Rotary Machining | Vectric V11 Tutorials,https://www.youtube.com/watch?v=_m2HHFmv63s,,3372.0,CHANNEL,skip,rotary/wrapped post-lean,
C9v2j5602ck,Modeling: The Bigger Picture with Beki | Vectric Worldwide UGM 2021,https://www.youtube.com/watch?v=C9v2j5602ck,,3036.0,CHANNEL,skip,project/marketing fluff,
5uCCtSIrguY,Modeling: The Foundations with Beki | Vectric Worldwide UGM 2021,https://www.youtube.com/watch?v=5uCCtSIrguY,,2931.0,CHANNEL,skip,project/marketing fluff,
pzrab74ge1Y,Moulding Toolpath Guide | Vectric V11 Tutorials,https://www.youtube.com/watch?v=pzrab74ge1Y,,2354.0,CHANNEL,wave2,older-version duplicate of V12 tutorial,
9W6Nvdd-FRs,Moulding Toolpath | 2.5D Toolpaths | V9,https://www.youtube.com/watch?v=9W6Nvdd-FRs,,2199.0,CHANNEL,wave2,older-version duplicate of V12 tutorial,
-5J9VsYxV60,Multi Material Sheet Guide | Vectric V11 Tutorials,https://www.youtube.com/watch?v=-5J9VsYxV60,,2386.0,CHANNEL,wave2,older-version duplicate of V12 tutorial,
iGZ6XRBRaos,Multi Material Sheet Guide | Vectric V11 Tutorials,https://www.youtube.com/watch?v=iGZ6XRBRaos,,2399.0,CHANNEL,wave2,older-version duplicate of V12 tutorial,
GAXr2nedQao,Multi-Sheet Oktoberfest Sign with David | Vectric Worldwide UGM 2021,https://www.youtube.com/watch?v=GAXr2nedQao,,2991.0,CHANNEL,skip,project/marketing fluff,
THCg4pEW6XA,Multi-sided Machining with Beki | Vectric Worldwide UGM 2023,https://www.youtube.com/watch?v=THCg4pEW6XA,,3449.0,CHANNEL,skip,project/marketing fluff,
yhxi0507jNU,Muschelschild | Vectric Tutorials,https://www.youtube.com/watch?v=yhxi0507jNU,,1970.0,CHANNEL,wave2,uncategorized tutorial,
y56-xDGEjcs,Music Box | In the Labs Vectric | FREE CNC Projects,https://www.youtube.com/watch?v=y56-xDGEjcs,,1888.0,CHANNEL,skip,project/marketing fluff,
cvkeJxtVR_I,NEW 3D CROSS SECTION TOOL - VCarve & Aspire in V12 #shorts,https://www.youtube.com/watch?v=cvkeJxtVR_I,,NA,CHANNEL,skip,short-form promo,
aJqoWUC2jHU,"NEW TOOLPATH OPTION - KEEP OUT ZONES available NOW in Cut2D Pro, VCarve Pro and Aspire V12 #shorts",https://www.youtube.com/watch?v=aJqoWUC2jHU,,NA,CHANNEL,skip,short-form promo,
8eAsAFWtBNc,NEW Vectric Laser Module | Vectric Hybrid CNC and Laser Software,https://www.youtube.com/watch?v=8eAsAFWtBNc,,223.0,CHANNEL,skip,laser excluded from lean scope,
E-cDVgiZp4E,Name It Right Streamline Your Toolpaths | Vectric EasyCarve #short #shorts,https://www.youtube.com/watch?v=E-cDVgiZp4E,,NA,CHANNEL,skip,EasyCarve/EasyCreate consumer line,
oCXIq3EuIqo,Nav is back with more Vectric tips and tricks… Alphabet Edition 🔤✨,https://www.youtube.com/watch?v=oCXIq3EuIqo,,NA,CHANNEL,wave2,uncategorized tutorial,
q6H4ob5zxkU,Nav made a custom pub sign in EasyCarve 🍻,https://www.youtube.com/watch?v=q6H4ob5zxkU,,NA,CHANNEL,skip,EasyCarve/EasyCreate consumer line,
rTRzuGXTFOk,Nested Cabinet Files | General Topics | V9,https://www.youtube.com/watch?v=rTRzuGXTFOk,,2153.0,CHANNEL,skip,cabinet import non-goal,
kf-iWXRZYUY,Nested Cabinet Files | Vectric V11 Tutorials,https://www.youtube.com/watch?v=kf-iWXRZYUY,,2345.0,CHANNEL,skip,cabinet import non-goal,
bBzogzr-m94,Nesting Guide | General Topics | V9,https://www.youtube.com/watch?v=bBzogzr-m94,,1553.0,CHANNEL,wave2,older-version duplicate of V12 tutorial,
7NCoO6N0gvU,Nesting Guide | Vectric V11 Tutorials,https://www.youtube.com/watch?v=7NCoO6N0gvU,,2821.0,CHANNEL,wave2,older-version duplicate of V12 tutorial,
YKkGUbE5do0,New to CNC | How to create a personalized project in EasyCarve using EasyCreate,https://www.youtube.com/watch?v=YKkGUbE5do0,,1062.0,CHANNEL,skip,EasyCarve/EasyCreate consumer line,
Or59T1CGd6A,New to CNC | How to customize a layout in EasyCarve,https://www.youtube.com/watch?v=Or59T1CGd6A,,1147.0,CHANNEL,skip,EasyCarve/EasyCreate consumer line,
kr2dfzo2zHo,New to CNC | How to set-up your first project in EasyCarve,https://www.youtube.com/watch?v=kr2dfzo2zHo,,1709.0,CHANNEL,skip,EasyCarve/EasyCreate consumer line,
_hGMBiJSGSo,New to Vectric,https://www.youtube.com/watch?v=_hGMBiJSGSo,,416.0,CHANNEL,wave2,uncategorized tutorial,
hzMEoNqGjVs,New tool? No problem. 🔧✨,https://www.youtube.com/watch?v=hzMEoNqGjVs,,NA,CHANNEL,wave2,uncategorized tutorial,
Ps1qyPnZ4XI,New year. New free CNC accessories. Same winning streak.,https://www.youtube.com/watch?v=Ps1qyPnZ4XI,,NA,CHANNEL,wave2,uncategorized tutorial,
a6fezt3NwWM,Oak Leaf Branch | 3D Modeling | V9,https://www.youtube.com/watch?v=a6fezt3NwWM,,2349.0,CHANNEL,wave2,older-version duplicate of V12 tutorial,
sV0EtHyCojw,Oak Leaf Branch | Vectric V11 Tutorials,https://www.youtube.com/watch?v=sV0EtHyCojw,,2524.0,CHANNEL,wave2,older-version duplicate of V12 tutorial,
0dqeThTFhVg,Old-school fun with a modern twist 👀,https://www.youtube.com/watch?v=0dqeThTFhVg,,NA,CHANNEL,wave2,uncategorized tutorial,
LbvnrDQ6Q_o,One idea. One app. One afternoon in the labs. 🐶✨,https://www.youtube.com/watch?v=LbvnrDQ6Q_o,,NA,CHANNEL,skip,project/marketing fluff,
4lAdP9TobbM,Open Sign | Getting Started | V9,https://www.youtube.com/watch?v=4lAdP9TobbM,,1374.0,CHANNEL,wave2,older-version duplicate of V12 tutorial,
reEIXOBTL64,Open Sign | Vectric V11 Tutorials,https://www.youtube.com/watch?v=reEIXOBTL64,,1648.0,CHANNEL,wave2,older-version duplicate of V12 tutorial,
wyPcHdOqPJk,Our latest FREE project is here… the Sea Battle Game ⚓🛳️,https://www.youtube.com/watch?v=wyPcHdOqPJk,,NA,CHANNEL,wave2,uncategorized tutorial,
PTmiM4QysGA,Overview - Bulls Head Sign,https://www.youtube.com/watch?v=PTmiM4QysGA,,961.0,CHANNEL,wave2,uncategorized tutorial,
-0cqcCz1dhM,Overview - Open Sign,https://www.youtube.com/watch?v=-0cqcCz1dhM,,920.0,CHANNEL,wave2,uncategorized tutorial,
NOw7R_AbBsY,Overview of DesignandMake com,https://www.youtube.com/watch?v=NOw7R_AbBsY,,425.0,CHANNEL,wave2,uncategorized tutorial,
eJFxQMl-tQo,Perfect Alignment Every Time | Vectric EasyCarve #short #shorts,https://www.youtube.com/watch?v=eJFxQMl-tQo,,NA,CHANNEL,skip,EasyCarve/EasyCreate consumer line,
AXev7ybTW_M,Personalized Inlayed Presentation Box | In the Labs Vectric | FREE CNC Projects,https://www.youtube.com/watch?v=AXev7ybTW_M,,2543.0,CHANNEL,skip,project/marketing fluff,
anqSyZR7YVc,Photo VCarving In-Depth by Edward Powell | Vectric Worldwide UGM 2020,https://www.youtube.com/watch?v=anqSyZR7YVc,,3776.0,CHANNEL,skip,project/marketing fluff,
ildGs8d--4U,PhotoVCarve - Engraving Photographs,https://www.youtube.com/watch?v=ildGs8d--4U,,364.0,CHANNEL,skip,photo V-carve excluded,
krFyBxYwWW8,PhotoVCarve - Engraving Photographs,https://www.youtube.com/watch?v=krFyBxYwWW8,,344.0,CHANNEL,skip,photo V-carve excluded,
tavbxh4XaRw,PhotoVCarve - Getting Started with Lithophanes,https://www.youtube.com/watch?v=tavbxh4XaRw,,338.0,CHANNEL,skip,photo V-carve excluded,
YMIU7IddSSc,PhotoVCarve Strategy | Vectric V11 Tutorials,https://www.youtube.com/watch?v=YMIU7IddSSc,,1863.0,CHANNEL,skip,photo V-carve excluded,
AqtjvyOnVjs,Picture Photo Plaque | Vectric V11 Tutorials,https://www.youtube.com/watch?v=AqtjvyOnVjs,,1779.0,CHANNEL,wave2,older-version duplicate of V12 tutorial,
npHKhrXf1Eo,Picture Tiger Face | Vectric V11 Tutorials,https://www.youtube.com/watch?v=npHKhrXf1Eo,,2204.0,CHANNEL,wave2,older-version duplicate of V12 tutorial,
FQQ2-vWcea4,Pizza Serving Board | In the Labs Vectric | FREE CNC Projects,https://www.youtube.com/watch?v=FQQ2-vWcea4,,NA,CHANNEL,skip,project/marketing fluff,
WJ1PQGzAobI,Plate Production Guide,https://www.youtube.com/watch?v=WJ1PQGzAobI,,1285.0,CHANNEL,skip,production plate tool post-lean,
sbjMrT2eSqM,Plate Production Guide | Vectric V11 Tutorials,https://www.youtube.com/watch?v=sbjMrT2eSqM,,1300.0,CHANNEL,skip,production plate tool post-lean,
JCpmlomOx4A,Pocket Dart Box | In the Labs Vectric | FREE CNC Projects,https://www.youtube.com/watch?v=JCpmlomOx4A,,1549.0,CHANNEL,skip,project/marketing fluff,
B5Ors_gR354,Pocket Toolpath Guide | 2D Toolpaths | V9,https://www.youtube.com/watch?v=B5Ors_gR354,,2144.0,CHANNEL,wave2,older-version duplicate of V12 tutorial,
p09Fx0OefcY,Pocket Toolpath Guide | Vectric V11 Tutorials,https://www.youtube.com/watch?v=p09Fx0OefcY,,2816.0,CHANNEL,wave2,older-version duplicate of V12 tutorial,
mB5hmlPFINU,Pop culture poster ➡️ CNC-ready 3D artwork 🙌,https://www.youtube.com/watch?v=mB5hmlPFINU,,NA,CHANNEL,wave2,uncategorized tutorial,
5tq45xBitXo,Prism Lettering,https://www.youtube.com/watch?v=5tq45xBitXo,,403.0,CHANNEL,wave2,uncategorized tutorial,
RhRFtPc6uJ0,"Product Comparison Aspire, VCarve and Cut2D | Vectric CNC Software",https://www.youtube.com/watch?v=RhRFtPc6uJ0,,244.0,CHANNEL,wave2,uncategorized tutorial,
9xyKCsVIAEY,Production Plate Function,https://www.youtube.com/watch?v=9xyKCsVIAEY,,908.0,CHANNEL,wave2,uncategorized tutorial,
S6BEy0jb6jg,Profile Toolpath Guide | 2D Toolpaths | V9,https://www.youtube.com/watch?v=S6BEy0jb6jg,,3806.0,CHANNEL,wave2,older-version duplicate of V12 tutorial,
wz3Quhfr91w,Profile Toolpath Guide | Vectric V11 Tutorials,https://www.youtube.com/watch?v=wz3Quhfr91w,,3909.0,CHANNEL,wave2,older-version duplicate of V12 tutorial,
3H5PPqFz4IE,Puppy Power with EasyCreate and Sketch Carving!,https://www.youtube.com/watch?v=3H5PPqFz4IE,,NA,CHANNEL,skip,EasyCarve/EasyCreate consumer line,
H_mJKSvVaQw,Puzzling it Out with Edward | Vectric Worldwide UGM 2021,https://www.youtube.com/watch?v=H_mJKSvVaQw,,3171.0,CHANNEL,skip,project/marketing fluff,
Ale2Mxn7N7c,Q&A with Beki | Creating a Textured Sign | Vectric FREE CNC Projects,https://www.youtube.com/watch?v=Ale2Mxn7N7c,,2547.0,CHANNEL,skip,project/marketing fluff,
XLWxSVh_VO0,Q&A with Beki | Happy Stamping | Vectric FREE CNC Projects,https://www.youtube.com/watch?v=XLWxSVh_VO0,,389.0,CHANNEL,skip,project/marketing fluff,
NFePMjtTVrc,Q&A with Beki | Trace the Rainbow | Vectric FREE CNC Projects,https://www.youtube.com/watch?v=NFePMjtTVrc,,1537.0,CHANNEL,skip,project/marketing fluff,
6B9r0OzW5qg,Q&A with Todd | Family Fun Peg Game | Vectric FREE CNC Projects,https://www.youtube.com/watch?v=6B9r0OzW5qg,,2007.0,CHANNEL,skip,project/marketing fluff,
cnRVRfPIn2w,Quest for the Perfect Dice Tower | Vectric Online UGM 2025,https://www.youtube.com/watch?v=cnRVRfPIn2w,,3749.0,CHANNEL,skip,project/marketing fluff,
FcsSemYMywc,Quick Engrave,https://www.youtube.com/watch?v=FcsSemYMywc,,454.0,CHANNEL,wave2,uncategorized tutorial,
0ttNgLYvSUg,Quick Engraving Toolpath Guide | 2D Toolpaths | V9,https://www.youtube.com/watch?v=0ttNgLYvSUg,,721.0,CHANNEL,wave2,older-version duplicate of V12 tutorial,
_ZJq2Vde18g,Quick Engraving Toolpath Guide | Vectric V11 Tutorials,https://www.youtube.com/watch?v=_ZJq2Vde18g,,918.0,CHANNEL,wave2,older-version duplicate of V12 tutorial,
yHOAyqXV1wg,Rainfall Projects by JD Chambers | Vectric Worldwide UGM 2020,https://www.youtube.com/watch?v=yHOAyqXV1wg,,3555.0,CHANNEL,skip,project/marketing fluff,
KTV4XTFe6zE,Raised Panel Door | 2D Toolpaths | V9,https://www.youtube.com/watch?v=KTV4XTFe6zE,,599.0,CHANNEL,wave2,older-version duplicate of V12 tutorial,
REG-LSee6zU,Raised Panel Door | Vectric V11 Tutorials,https://www.youtube.com/watch?v=REG-LSee6zU,,815.0,CHANNEL,wave2,older-version duplicate of V12 tutorial,
UZDyT5oIl1A,Remember when Edward said this? 👀 Well… it finally happened.,https://www.youtube.com/watch?v=UZDyT5oIl1A,,NA,CHANNEL,wave2,uncategorized tutorial,
93rRUlKgWrI,Repeating Components & Mouldings by Adam J | Vectric Worldwide UGM 2020,https://www.youtube.com/watch?v=93rRUlKgWrI,,2496.0,CHANNEL,skip,project/marketing fluff,
imMLe3Lt9JQ,Revelations of Rotary Presented by Scott Saari - Sienci Labs,https://www.youtube.com/watch?v=imMLe3Lt9JQ,,2054.0,CHANNEL,skip,rotary/wrapped post-lean,
gsgx03b9U-Q,Rocket Nameplate - 2.5D Toolpaths | Vectric V11 Tutorials,https://www.youtube.com/watch?v=gsgx03b9U-Q,,862.0,CHANNEL,wave2,older-version duplicate of V12 tutorial,
M0Tdxv-K5Bw,Rocket Nameplate | 2.5D Toolpaths | V9,https://www.youtube.com/watch?v=M0Tdxv-K5Bw,,868.0,CHANNEL,wave2,older-version duplicate of V12 tutorial,
oDFibwlhE3Q,Rocket Nameplate | Vector Drawing | V9,https://www.youtube.com/watch?v=oDFibwlhE3Q,,1084.0,CHANNEL,wave2,older-version duplicate of V12 tutorial,
CLKkxWza6Ts,Rocket Nameplate | Vectric V11 Tutorials,https://www.youtube.com/watch?v=CLKkxWza6Ts,,837.0,CHANNEL,wave2,older-version duplicate of V12 tutorial,
tvkb_cP80Tw,Rotary Farmhouse Candle Holders Using CNC | Vectric FREE CNC Projects #shorts,https://www.youtube.com/watch?v=tvkb_cP80Tw,,NA,CHANNEL,skip,rotary/wrapped post-lean,
YvdvVYrEKpA,Rotary Machining Creating a Column,https://www.youtube.com/watch?v=YvdvVYrEKpA,,2259.0,CHANNEL,skip,rotary/wrapped post-lean,
S9flzLAYjPY,Rotary Machining Creating a Fluted Column,https://www.youtube.com/watch?v=S9flzLAYjPY,,545.0,CHANNEL,skip,rotary/wrapped post-lean,
P-Je2qPawGU,Rotary Machining Creating a Rounded Toolpath,https://www.youtube.com/watch?v=P-Je2qPawGU,,420.0,CHANNEL,skip,rotary/wrapped post-lean,
6kIsg-rXH0U,Rotary Machining Creating a Spiral Column,https://www.youtube.com/watch?v=6kIsg-rXH0U,,580.0,CHANNEL,skip,rotary/wrapped post-lean,
iGWVqzLZTAM,Rotary Machining Import and Unwrap Flat 3D Models,https://www.youtube.com/watch?v=iGWVqzLZTAM,,1178.0,CHANNEL,skip,rotary/wrapped post-lean,
OX4XVSFVL_Q,Rotary Machining Import and Unwrap a Full 3D Model,https://www.youtube.com/watch?v=OX4XVSFVL_Q,,1834.0,CHANNEL,skip,rotary/wrapped post-lean,
b_UU4wi-MzA,Rotary Machining Modeling a Spindle,https://www.youtube.com/watch?v=b_UU4wi-MzA,,3042.0,CHANNEL,skip,rotary/wrapped post-lean,
UDALGmmhwss,Rotary Machining with Nav | Vectric Worldwide UGM 2021,https://www.youtube.com/watch?v=UDALGmmhwss,,3466.0,CHANNEL,skip,rotary/wrapped post-lean,
3XTKSlwx8xY,Rotary Machining | 3D Toolpaths | V9,https://www.youtube.com/watch?v=3XTKSlwx8xY,,3683.0,CHANNEL,skip,rotary/wrapped post-lean,
JmTU_shEf80,Rotary Turtle with Alain FR | Vectric Worldwide UGM 2023,https://www.youtube.com/watch?v=JmTU_shEf80,,1261.0,CHANNEL,skip,rotary/wrapped post-lean,
umo1iuD51KI,Rotary Turtle with Alain | Vectric Worldwide UGM 2023,https://www.youtube.com/watch?v=umo1iuD51KI,,1296.0,CHANNEL,skip,rotary/wrapped post-lean,
tMqKgVrd9Vk,Rough wood from the woods…but what did it become? 👀,https://www.youtube.com/watch?v=tMqKgVrd9Vk,,NA,CHANNEL,wave2,uncategorized tutorial,
ksfC8x7cOEg,Rustic Oak Stool | Making a Stool on your CNC  | In the Labs with Todd | Vectric FREE CNC Projects,https://www.youtube.com/watch?v=ksfC8x7cOEg,,2011.0,CHANNEL,skip,project/marketing fluff,
D9qhQsy7FY0,SKETCH CARVING coming to VCarve & Aspire in V12 👀  #shorts,https://www.youtube.com/watch?v=D9qhQsy7FY0,,NA,CHANNEL,skip,short-form promo,
X_o6_g1Ofbg,Scrap wood? ✅ Random bottle opener? ✅ EasyCarve? You bet. 💻🛠️,https://www.youtube.com/watch?v=X_o6_g1Ofbg,,NA,CHANNEL,skip,EasyCarve/EasyCreate consumer line,
-Ke8xuzMFf8,Scrap wood? ✅ Random bottle opener? ✅ EasyCarve? You bet. 💻🛠️,https://www.youtube.com/watch?v=-Ke8xuzMFf8,,NA,CHANNEL,skip,EasyCarve/EasyCreate consumer line,
pMtwKt_Zaa0,Sculpting Tool Overview,https://www.youtube.com/watch?v=pMtwKt_Zaa0,,800.0,CHANNEL,skip,sculpting deep-dive post-lean,
5RUK80T3vvQ,Sea Battle Game | In the Labs Vectric | FREE CNC Projects,https://www.youtube.com/watch?v=5RUK80T3vvQ,,3325.0,CHANNEL,skip,project/marketing fluff,
AjktFPH1ZwI,Seen the “Ignoring unsuitable open vectors” message in your Vectric software? 👀,https://www.youtube.com/watch?v=AjktFPH1ZwI,,NA,CHANNEL,wave2,uncategorized tutorial,
qZFAM3tpF4o,Setting up a new CNC machine in EasyCarve is so easy! 🚀,https://www.youtube.com/watch?v=qZFAM3tpF4o,,NA,CHANNEL,skip,EasyCarve/EasyCreate consumer line,
gnycnEQbsTw,Shell Sign | Getting Started | V9,https://www.youtube.com/watch?v=gnycnEQbsTw,,2062.0,CHANNEL,wave2,older-version duplicate of V12 tutorial,
O-5QpgiZChg,Shell Sign | Vectric V11 Tutorials,https://www.youtube.com/watch?v=O-5QpgiZChg,,2135.0,CHANNEL,wave2,older-version duplicate of V12 tutorial,
8aLeWqmK7X8,Sign Making with Mike Legregni | Vectric Worldwide UGM 2021,https://www.youtube.com/watch?v=8aLeWqmK7X8,,496.0,CHANNEL,skip,project/marketing fluff,
_HnMkw2ymt0,Simple Crest | 3D Assembly | V9,https://www.youtube.com/watch?v=_HnMkw2ymt0,,1491.0,CHANNEL,wave2,older-version duplicate of V12 tutorial,
k4l3FFdN1KQ,Single Models In Three Unique Variations | Vectric EasyCarve #short #shorts,https://www.youtube.com/watch?v=k4l3FFdN1KQ,,NA,CHANNEL,skip,EasyCarve/EasyCreate consumer line,
LcuUawl1ocU,SketchUp Import - Detailed Demonstration,https://www.youtube.com/watch?v=LcuUawl1ocU,,1231.0,CHANNEL,wave2,uncategorized tutorial,
IcTfveAbNhY,SketchUp Import - Overview,https://www.youtube.com/watch?v=IcTfveAbNhY,,376.0,CHANNEL,wave2,uncategorized tutorial,
iCM6zfgXzfk,Sleeps Till Christmas with Todd | The 12 Projects of Christmas Day 2 | Vectric Project,https://www.youtube.com/watch?v=iCM6zfgXzfk,,875.0,CHANNEL,skip,project/marketing fluff,
2b_bR-iy2V4,Slicing a 3D Model | General Topics | V9,https://www.youtube.com/watch?v=2b_bR-iy2V4,,1461.0,CHANNEL,wave2,older-version duplicate of V12 tutorial,
aZIIyhN5V1A,Slicing a 3D Relief Model | Vectric V11 Tutorials,https://www.youtube.com/watch?v=aZIIyhN5V1A,,1542.0,CHANNEL,wave2,older-version duplicate of V12 tutorial,
2Mc4sRj3FuA,Slot Together Christmas Project with Todd | Vectric CNC Tips and Tricks,https://www.youtube.com/watch?v=2Mc4sRj3FuA,,1818.0,CHANNEL,skip,project/marketing fluff,
DWnbfGjaLwk,Slot Together Reindeer with Beki | The 12 Projects of Christmas Day 1 | Vectric Project,https://www.youtube.com/watch?v=DWnbfGjaLwk,,828.0,CHANNEL,skip,project/marketing fluff,
ay9dukULbuI,Smart Shop Storage: Designing Custom Solutions with Vectric Gadgets | Vectric Online UGM 2025,https://www.youtube.com/watch?v=ay9dukULbuI,,3194.0,CHANNEL,skip,project/marketing fluff,
6OKNdPAGx5Y,Snowflakes 101 | In the Labs with Tim Sway | Vectric FREE CNC Projects,https://www.youtube.com/watch?v=6OKNdPAGx5Y,,888.0,CHANNEL,skip,project/marketing fluff,
LDTCx4KUmsk,Some of the most famous artworks ever created…with very tasteful updates 🎨,https://www.youtube.com/watch?v=LDTCx4KUmsk,,NA,CHANNEL,wave2,uncategorized tutorial,
qQj-14dqOz8,Spilling The Beans on Text Effects,https://www.youtube.com/watch?v=qQj-14dqOz8,,3308.0,CHANNEL,wave2,uncategorized tutorial,
E78JByB4EaQ,Spiro Drawing Board with Todd | Vectric's Christmas Toy Shop | Day 1 | Vectric FREE CNC Projects,https://www.youtube.com/watch?v=E78JByB4EaQ,,897.0,CHANNEL,skip,project/marketing fluff,
i3BNqOOvw_o,Spooky Candle Holder Set | Vectric Online UGM 2025,https://www.youtube.com/watch?v=i3BNqOOvw_o,,2974.0,CHANNEL,skip,project/marketing fluff,
HHIY0nuZdbI,Stacking Christmas Tree with Todd | Vectric's Christmas Toy Shop | Day 3 | Vectric FREE CNC Projects,https://www.youtube.com/watch?v=HHIY0nuZdbI,,858.0,CHANNEL,skip,project/marketing fluff,
AYU2fPopBy8,Stierkopf | Vectric Tutorials,https://www.youtube.com/watch?v=AYU2fPopBy8,,1333.0,CHANNEL,wave2,uncategorized tutorial,
VS6xHtJ5U4k,Summer camp sign? Sorted ☀️,https://www.youtube.com/watch?v=VS6xHtJ5U4k,,NA,CHANNEL,wave2,uncategorized tutorial,
ZtBCpW4g1zI,TIP TUESDAY #shorts #short,https://www.youtube.com/watch?v=ZtBCpW4g1zI,,NA,CHANNEL,skip,short-form promo,
nzxieXPAh8A,Teddy Bear Head | Getting Started | V9,https://www.youtube.com/watch?v=nzxieXPAh8A,,2451.0,CHANNEL,wave2,older-version duplicate of V12 tutorial,
HGBxqQb9cYQ,Teddy Bear Head | Vectric V11 Tutorials,https://www.youtube.com/watch?v=HGBxqQb9cYQ,,2369.0,CHANNEL,wave2,older-version duplicate of V12 tutorial,
m64cKEK8ml4,Text Creation Guide,https://www.youtube.com/watch?v=m64cKEK8ml4,,3238.0,CHANNEL,wave2,uncategorized tutorial,
8oDpgzjGClE,Text Creation Guide | Vector Drawing | V9,https://www.youtube.com/watch?v=8oDpgzjGClE,,2920.0,CHANNEL,wave2,older-version duplicate of V12 tutorial,
KpNMkhtSZ3c,Text Creation Guide | Vectric V11 Tutorials,https://www.youtube.com/watch?v=KpNMkhtSZ3c,,2582.0,CHANNEL,wave2,older-version duplicate of V12 tutorial,
WT35-KYQVp0,Texture Area Guide | Vectric V11 Tutorials,https://www.youtube.com/watch?v=WT35-KYQVp0,,1642.0,CHANNEL,skip,decorative texture tooling,
55T78w80wvc,Texture Area | 3D Modeling | V9,https://www.youtube.com/watch?v=55T78w80wvc,,1432.0,CHANNEL,skip,decorative texture tooling,
KkQ4-VUJAXk,Textured & Fluted Bowls by Randy Johnson | Vectric Worldwide UGM 2020,https://www.youtube.com/watch?v=KkQ4-VUJAXk,,2366.0,CHANNEL,skip,project/marketing fluff,
xJfzHtdW0Gw,Textured Mantel Clock | In the Labs Vectric | FREE CNC Projects,https://www.youtube.com/watch?v=xJfzHtdW0Gw,,1709.0,CHANNEL,skip,project/marketing fluff,
d0mcBzR8W40,Texturing,https://www.youtube.com/watch?v=d0mcBzR8W40,,653.0,CHANNEL,wave2,uncategorized tutorial,
2B-kYftS89c,That’s a wrap on Makers Central 2025 🎉 #short #shorts,https://www.youtube.com/watch?v=2B-kYftS89c,,NA,CHANNEL,skip,short-form promo,
NjShGp40uoY,The 12 Projects of Christmas | Day 1 | Christmas Hanging Sign with Beki | Vectric In The Labs,https://www.youtube.com/watch?v=NjShGp40uoY,,777.0,CHANNEL,skip,project/marketing fluff,
i9uIhKFfg38,The 12 Projects of Christmas | Day 10 | Snowman Family Blocks with Todd | Vectric In The Labs,https://www.youtube.com/watch?v=i9uIhKFfg38,,544.0,CHANNEL,skip,project/marketing fluff,
Aj3HkUb2u3I,The 12 Projects of Christmas | Day 11 | Merry Christmas Stacked Text with Beki | Vectric In The Labs,https://www.youtube.com/watch?v=Aj3HkUb2u3I,,602.0,CHANNEL,skip,project/marketing fluff,
BepxMfTeso4,The 12 Projects of Christmas | Day 12 | Wooden Soldier with Todd | Vectric In The Labs,https://www.youtube.com/watch?v=BepxMfTeso4,,713.0,CHANNEL,skip,project/marketing fluff,
Q43X8oiKYHU,The 12 Projects of Christmas | Day 2 | Christmas Tree Serving Board with Todd | Vectric In The Labs,https://www.youtube.com/watch?v=Q43X8oiKYHU,,826.0,CHANNEL,skip,project/marketing fluff,
ICIR608qorA,The 12 Projects of Christmas | Day 3 | Nordic Santa with Beki | Vectric In The Labs,https://www.youtube.com/watch?v=ICIR608qorA,,682.0,CHANNEL,skip,project/marketing fluff,
_AmanrJFL_o,The 12 Projects of Christmas | Day 4 | Wooden Push Toy with Todd | Vectric In The Labs,https://www.youtube.com/watch?v=_AmanrJFL_o,,859.0,CHANNEL,skip,project/marketing fluff,
TiPttxmYTEs,The 12 Projects of Christmas | Day 5 | Slot Together Candle with Beki | Vectric In The Labs,https://www.youtube.com/watch?v=TiPttxmYTEs,,749.0,CHANNEL,skip,project/marketing fluff,
1uURJrGbjbU,The 12 Projects of Christmas | Day 6 | Merry Christmas Puzzle with Todd | Vectric In The Labs,https://www.youtube.com/watch?v=1uURJrGbjbU,,955.0,CHANNEL,skip,project/marketing fluff,
o-3vZYbRttI,The 12 Projects of Christmas | Day 7 | Star Candy Dish with Beki | Vectric In The Labs,https://www.youtube.com/watch?v=o-3vZYbRttI,,683.0,CHANNEL,skip,project/marketing fluff,
I_M09PM4D1s,The 12 Projects of Christmas | Day 8 | Ornamental Box with Todd | Vectric In The Labs,https://www.youtube.com/watch?v=I_M09PM4D1s,,711.0,CHANNEL,skip,project/marketing fluff,
l4ftLua0LcA,The 12 Projects of Christmas | Day 9 | Christmas Beer Caddy with Beki | Vectric In The Labs,https://www.youtube.com/watch?v=l4ftLua0LcA,,710.0,CHANNEL,skip,project/marketing fluff,
H3fpzJW6qp4,The Advanced Machining Module is out now — and it introduces Drill Bank support,https://www.youtube.com/watch?v=H3fpzJW6qp4,,NA,CHANNEL,skip,release marketing,
m9UhxEmV4w4,"The Bird Box Challenge | In the Labs with Beki, Todd and Tim Sway | Vectric FREE CNC Projects",https://www.youtube.com/watch?v=m9UhxEmV4w4,,2030.0,CHANNEL,skip,project/marketing fluff,
Tm-Mr4oiZhc,The Countdown Is On ⏳,https://www.youtube.com/watch?v=Tm-Mr4oiZhc,,NA,CHANNEL,wave2,uncategorized tutorial,
BtEMjTGYhaw,The Raven Book End | In the Labs Vectric | FREE CNC Projects,https://www.youtube.com/watch?v=BtEMjTGYhaw,,1985.0,CHANNEL,skip,project/marketing fluff,
eQvq2njfSOs,Thinking about cutting brass on your CNC? 🛠️✨,https://www.youtube.com/watch?v=eQvq2njfSOs,,NA,CHANNEL,wave2,uncategorized tutorial,
Z0R5nqLGu6g,This winter-inspired sign was created start to finish in EasyCarve ❄️,https://www.youtube.com/watch?v=Z0R5nqLGu6g,,NA,CHANNEL,skip,EasyCarve/EasyCreate consumer line,
SG4XvaiAByA,Thread Milling Toolpath Guide | Vectric V11 Tutorials,https://www.youtube.com/watch?v=SG4XvaiAByA,,2553.0,CHANNEL,wave2,older-version duplicate of V12 tutorial,
4Ph3WVFgbHE,Threadmilling CNC Lock Box | In The Labs with Vectric | Vectric FREE CNC Projects,https://www.youtube.com/watch?v=4Ph3WVFgbHE,,2632.0,CHANNEL,skip,project/marketing fluff,
RibOrUxUUZc,Threadmilling CNC Phone Lock Box | Vectric FREE CNC Projects #shorts,https://www.youtube.com/watch?v=RibOrUxUUZc,,NA,CHANNEL,skip,project/marketing fluff,
O0hOp326l4s,Three Gifts Wrapped Up With EasyCarve,https://www.youtube.com/watch?v=O0hOp326l4s,,2012.0,CHANNEL,skip,rotary/wrapped post-lean,
s3qXD297L7A,Throwback Project That Actually Solved a Real Problem in The Vectric Labs,https://www.youtube.com/watch?v=s3qXD297L7A,,NA,CHANNEL,skip,project/marketing fluff,
aqlJPNFcTBU,Throwback To Our Online UGM With Beki and Todd Bringing Full Diva Energy 😂✨,https://www.youtube.com/watch?v=aqlJPNFcTBU,,NA,CHANNEL,skip,project/marketing fluff,
LmlVYfkezyE,Tile Toolpaths,https://www.youtube.com/watch?v=LmlVYfkezyE,,897.0,CHANNEL,wave2,uncategorized tutorial,
SRkLEFQz3zk,Timeless design meets practical making ⌚✨Our brand new free project is here 🙌,https://www.youtube.com/watch?v=SRkLEFQz3zk,,NA,CHANNEL,wave2,uncategorized tutorial,
QkR6Ahg-IHk,Tips & Tricks with Beki & Todd | Vectric Worldwide UGM 2021,https://www.youtube.com/watch?v=QkR6Ahg-IHk,,1806.0,CHANNEL,skip,project/marketing fluff,
OsDBEQ0RUAw,Tips & Tricks | 3D Model Design Composition with Design&Make | Vectric,https://www.youtube.com/watch?v=OsDBEQ0RUAw,,1732.0,CHANNEL,wave2,uncategorized tutorial,
N9Clbljb5yc,Tips & Tricks | Creating a 2-Sided Spoon with Beki | Vectric,https://www.youtube.com/watch?v=N9Clbljb5yc,,2804.0,CHANNEL,wave2,uncategorized tutorial,
HUDR5X-Cbjo,Tips & Tricks | Creating a 3D Terrain Map with Edward | Vectric,https://www.youtube.com/watch?v=HUDR5X-Cbjo,,2401.0,CHANNEL,wave2,uncategorized tutorial,
dUQKJ1xPdEs,Tips & Tricks | Making Bowls Leaf Bowl | Vectric,https://www.youtube.com/watch?v=dUQKJ1xPdEs,,1846.0,CHANNEL,wave2,uncategorized tutorial,
Oo3h91J-ueo,Tips & Tricks | Making Bowls Spun Bowl | Vectric,https://www.youtube.com/watch?v=Oo3h91J-ueo,,1453.0,CHANNEL,wave2,uncategorized tutorial,
J7LyyO6svKo,Tips & Tricks | Making Bowls with Clipart | Vectric,https://www.youtube.com/watch?v=J7LyyO6svKo,,2266.0,CHANNEL,wave2,uncategorized tutorial,
zTAhaGhblDw,Tips & Tricks | Making a Guitar Neck with A CNC | Vectric,https://www.youtube.com/watch?v=zTAhaGhblDw,,2804.0,CHANNEL,wave2,uncategorized tutorial,
mTSIOhBwI7o,Tips & Tricks | Mirror Mode | Vectric,https://www.youtube.com/watch?v=mTSIOhBwI7o,,2658.0,CHANNEL,wave2,uncategorized tutorial,
s7gyAcYfX6w,Tips & Tricks | Stacked Text with Dan | Vectric,https://www.youtube.com/watch?v=s7gyAcYfX6w,,1220.0,CHANNEL,wave2,uncategorized tutorial,
l_QoZpI4als,Tips & Tricks | VCarve Inlays | Vectric,https://www.youtube.com/watch?v=l_QoZpI4als,,1586.0,CHANNEL,wave2,defer: vcarve inlay,
HVNtZ_fGW44,Tips and Tricks by Vectric Support | Vectric Worldwide UGM 2020,https://www.youtube.com/watch?v=HVNtZ_fGW44,,2520.0,CHANNEL,skip,project/marketing fluff,
G4H0krAFsfw,Todd gave this plain pencil box a personal twist using EasyCarve! 🧰✨,https://www.youtube.com/watch?v=G4H0krAFsfw,,NA,CHANNEL,skip,EasyCarve/EasyCreate consumer line,
hpG4eqNAwkU,Todd gave this plain pencil box a personal twist using EasyCarve! 🧰✨,https://www.youtube.com/watch?v=hpG4eqNAwkU,,NA,CHANNEL,skip,EasyCarve/EasyCreate consumer line,
73mYwDffN2E,Todd says he designed it...,https://www.youtube.com/watch?v=73mYwDffN2E,,NA,CHANNEL,wave2,uncategorized tutorial,
MyQpmFLV4Uo,Todd’s heading to Nashville… and apparently he’s doing everything himself 😂,https://www.youtube.com/watch?v=MyQpmFLV4Uo,,NA,CHANNEL,wave2,uncategorized tutorial,
wfAIkasOLFI,Todd’s shares his top tips for getting the most out of the Texture Toolpath,https://www.youtube.com/watch?v=wfAIkasOLFI,,NA,CHANNEL,skip,decorative texture tooling,
nOsPN_czidk,Tool Database 101 with David | Vectric Worldwide UGM 2021,https://www.youtube.com/watch?v=nOsPN_czidk,,3031.0,CHANNEL,skip,project/marketing fluff,
YqruH7--pPs,Tool Database Add New Tools With Ease | Vectric EasyCarve #short #shorts,https://www.youtube.com/watch?v=YqruH7--pPs,,NA,CHANNEL,skip,EasyCarve/EasyCreate consumer line,
lbmvCJpzIuA,Tool Database Guide | General Topics | V9,https://www.youtube.com/watch?v=lbmvCJpzIuA,,1445.0,CHANNEL,wave2,older-version duplicate of V12 tutorial,
_8DKKed8uzw,Tool Database Guide | Vectric V11 Tutorials,https://www.youtube.com/watch?v=_8DKKed8uzw,,2259.0,CHANNEL,wave2,older-version duplicate of V12 tutorial,
mlK1iqMdBRA,Toolpath Administration,https://www.youtube.com/watch?v=mlK1iqMdBRA,,539.0,CHANNEL,wave2,uncategorized tutorial,
uWrK4ONWYw0,Toolpath Creation,https://www.youtube.com/watch?v=uWrK4ONWYw0,,773.0,CHANNEL,wave2,uncategorized tutorial,
PPgPT2NYuLE,Toolpath Layout,https://www.youtube.com/watch?v=PPgPT2NYuLE,,955.0,CHANNEL,wave2,uncategorized tutorial,
BPS4i9jtfmY,Toolpath Ordering,https://www.youtube.com/watch?v=BPS4i9jtfmY,,302.0,CHANNEL,wave2,uncategorized tutorial,
eIRwOSUb9t8,Toolpath Saving Guide | General Topics | V9,https://www.youtube.com/watch?v=eIRwOSUb9t8,,650.0,CHANNEL,wave2,older-version duplicate of V12 tutorial,
7zvfqTwDR4I,Toolpath Saving Guide | Vectric V11 Tutorials,https://www.youtube.com/watch?v=7zvfqTwDR4I,,951.0,CHANNEL,wave2,older-version duplicate of V12 tutorial,
eGMauDil-8E,Toolpath Setup Sheets Guide | General Topics | V9,https://www.youtube.com/watch?v=eGMauDil-8E,,1490.0,CHANNEL,wave2,older-version duplicate of V12 tutorial,
9ICVcvfCf-s,Toolpath Setup Sheets Guide | Vectric V11 Tutorials,https://www.youtube.com/watch?v=9ICVcvfCf-s,,1087.0,CHANNEL,wave2,older-version duplicate of V12 tutorial,
UDJyofOJ6Uw,Toolpath Templates,https://www.youtube.com/watch?v=UDJyofOJ6Uw,,863.0,CHANNEL,wave2,uncategorized tutorial,
Akcr7cryXuQ,Toolpath Tiling 2D Toolpaths,https://www.youtube.com/watch?v=Akcr7cryXuQ,,709.0,CHANNEL,wave2,uncategorized tutorial,
nHH99VN4JuI,Toolpath Tiling | Vectric V11 Tutorials,https://www.youtube.com/watch?v=nHH99VN4JuI,,803.0,CHANNEL,wave2,older-version duplicate of V12 tutorial,
O9s0z7yQERs,Tracing & Machining Images,https://www.youtube.com/watch?v=O9s0z7yQERs,,688.0,CHANNEL,wave2,uncategorized tutorial,
IVFp0d6KXPA,Transformation Shortcuts Guide | Vectric V11 Tutorials,https://www.youtube.com/watch?v=IVFp0d6KXPA,,1359.0,CHANNEL,wave2,older-version duplicate of V12 tutorial,
Rhy5JU0rmoY,Triumphs & Pitfalls Of Using AI with Adam,https://www.youtube.com/watch?v=Rhy5JU0rmoY,,2641.0,CHANNEL,wave2,uncategorized tutorial,
WUBMKMF6skk,Trout | 3D Modeling | V9,https://www.youtube.com/watch?v=WUBMKMF6skk,,2058.0,CHANNEL,wave2,older-version duplicate of V12 tutorial,
mH-o-LpA1gs,Trout | Vectric V11 Tutorials,https://www.youtube.com/watch?v=mH-o-LpA1gs,,2495.0,CHANNEL,wave2,older-version duplicate of V12 tutorial,
w1VwQd_YanA,True Shape Nesting,https://www.youtube.com/watch?v=w1VwQd_YanA,,827.0,CHANNEL,wave2,uncategorized tutorial,
J1kYtcuCFP8,Tune In To Our Online User Group Meeting To See What Beki’s Been Working On…,https://www.youtube.com/watch?v=J1kYtcuCFP8,,NA,CHANNEL,wave2,uncategorized tutorial,
V7fwMexE5Nc,Turn Ideas Into CNC-Ready Relief Models In Minutes | Vectric CNC Software,https://www.youtube.com/watch?v=V7fwMexE5Nc,,980.0,CHANNEL,skip,relief-marketing promo,
eFwK1Oh_x8k,Turn a favourite photo into a one-of-a-kind gift ❤️,https://www.youtube.com/watch?v=eFwK1Oh_x8k,,NA,CHANNEL,wave2,uncategorized tutorial,
ur98dOLZtig,Turn and Spin Guide | 3D Modeling | V9,https://www.youtube.com/watch?v=ur98dOLZtig,,1659.0,CHANNEL,skip,rotary turn-and-spin,
IsdNZDZ9dQs,Turn and Spin Guide | Vectric V11 Tutorials,https://www.youtube.com/watch?v=IsdNZDZ9dQs,,1241.0,CHANNEL,skip,rotary turn-and-spin,
u-wDl10kALE,Turning Your Hobby Into a Business by Matt Plumlee | Vectric Worldwide UGM 2020,https://www.youtube.com/watch?v=u-wDl10kALE,,2909.0,CHANNEL,skip,project/marketing fluff,
cdfEZBlJTkg,Two Rail Sweep Guide | 3D Modeling | V9,https://www.youtube.com/watch?v=cdfEZBlJTkg,,2452.0,CHANNEL,wave2,older-version duplicate of V12 tutorial,
3QlSfin6k3Q,Two Rail Sweep Guide | Vectric V11 Tutorials,https://www.youtube.com/watch?v=3QlSfin6k3Q,,1429.0,CHANNEL,wave2,older-version duplicate of V12 tutorial,
XjTWADHAzUs,Two Rail Sweep Overview,https://www.youtube.com/watch?v=XjTWADHAzUs,,1155.0,CHANNEL,wave2,dup of V12 two rail sweep,
UXqpzDMDTGk,Two Sided Bowl with Stone Onefinity | Vectric Worldwide UGM 2023,https://www.youtube.com/watch?v=UXqpzDMDTGk,,1216.0,CHANNEL,skip,two-sided post-lean,
ROZqgg8FXNg,Two Sided Machining | Getting Started | V9,https://www.youtube.com/watch?v=ROZqgg8FXNg,,2627.0,CHANNEL,skip,two-sided post-lean,
1GlVZQ4ngEU,Two Sided Marlin | 3D Assembly | V9,https://www.youtube.com/watch?v=1GlVZQ4ngEU,,2454.0,CHANNEL,skip,two-sided post-lean,
zdu5XOJ2RjU,Two Sided Marlin | Vectric V11 Tutorials,https://www.youtube.com/watch?v=zdu5XOJ2RjU,,1902.0,CHANNEL,skip,two-sided post-lean,
XkFAZTLjupU,Two-Sided Maze with Todd | Vectric's Christmas Toy Shop | Day 5 | Vectric FREE CNC Projects,https://www.youtube.com/watch?v=XkFAZTLjupU,,978.0,CHANNEL,skip,project/marketing fluff,
mlpr6xSKSLE,Two-sided Shop Machining with Mark Lindsay | Vectric Worldwide UGM 2021,https://www.youtube.com/watch?v=mlpr6xSKSLE,,3251.0,CHANNEL,skip,project/marketing fluff,
sDSIj0z9AJY,US Buckle | Vector Drawing | V9,https://www.youtube.com/watch?v=sDSIj0z9AJY,,1524.0,CHANNEL,wave2,older-version duplicate of V12 tutorial,
NviPi8CJD_U,US Buckle | Vectric V11 Tutorials,https://www.youtube.com/watch?v=NviPi8CJD_U,,1216.0,CHANNEL,wave2,older-version duplicate of V12 tutorial,
SPJQfPL4xws,Unlocking The Next Dimension In Wrapped Rotary Machining | Vectric Online UGM 2025,https://www.youtube.com/watch?v=SPJQfPL4xws,,3584.0,CHANNEL,skip,rotary/wrapped post-lean,
ElFCEWD1dHI,Upload an image 🖼️Enhance it with prompts ✨Turn it into a CNC-ready 3D relief 🧩,https://www.youtube.com/watch?v=ElFCEWD1dHI,,NA,CHANNEL,wave2,uncategorized tutorial,
tpf165j1JE4,Using Aspire With a 3rd Party External CAD CAM Program | Vectric CNC Software,https://www.youtube.com/watch?v=tpf165j1JE4,,344.0,CHANNEL,wave2,uncategorized tutorial,
cpG7TRxGWx8,Using Your CNC To Save The Planet with Brothers Make | Vectric Worldwide UGM 2023,https://www.youtube.com/watch?v=cpG7TRxGWx8,,1636.0,CHANNEL,skip,project/marketing fluff,
WkdnoKKmRKc,Using an AXYZ CNC machine? This one’s for you 👇,https://www.youtube.com/watch?v=WkdnoKKmRKc,,NA,CHANNEL,wave2,uncategorized tutorial,
Yi7hlE2-1GY,Using an AXYZ CNC machine? This one’s for you 👇,https://www.youtube.com/watch?v=Yi7hlE2-1GY,,NA,CHANNEL,wave2,uncategorized tutorial,
ppCGB2SE2ZM,V11 New Features,https://www.youtube.com/watch?v=ppCGB2SE2ZM,,2940.0,CHANNEL,wave2,older-version duplicate of V12 tutorial,
DrYMhVw_FiU,V12 COMING APRIL 2024 🎉 #shorts,https://www.youtube.com/watch?v=DrYMhVw_FiU,,NA,CHANNEL,skip,short-form promo,
zoO3t28m2_o,V12 IS COMING APRIL 2024 #shorts,https://www.youtube.com/watch?v=zoO3t28m2_o,,NA,CHANNEL,skip,short-form promo,
aITWsQmswiA,V12 Revamped Getting Started Training Material #shorts #short,https://www.youtube.com/watch?v=aITWsQmswiA,,NA,CHANNEL,skip,short-form promo,
0tr6sdY_4ik,V12 has upped its game to help improve your WORKFLOW 💥 #shorts,https://www.youtube.com/watch?v=0tr6sdY_4ik,,NA,CHANNEL,skip,short-form promo,
yuzWnTw3QtU,VCARVE INLAY TOOLPATH coming to VCarve Pro & Aspire in V12 🎉 #shorts,https://www.youtube.com/watch?v=yuzWnTw3QtU,,NA,CHANNEL,skip,short-form promo,
zXuF62VW6CU,VCarve Clipart Guide,https://www.youtube.com/watch?v=zXuF62VW6CU,,687.0,CHANNEL,wave2,uncategorized tutorial,
Ku-mhezGUCQ,VCarve Clipart Guide | Vectric V11 Tutorials,https://www.youtube.com/watch?v=Ku-mhezGUCQ,,894.0,CHANNEL,wave2,older-version duplicate of V12 tutorial,
zui8vL_SmVk,VCarve Inlays with Todd | Vectric Worldwide UGM 2023,https://www.youtube.com/watch?v=zui8vL_SmVk,,3006.0,CHANNEL,skip,project/marketing fluff,
HudEeCEgcQU,VCarve Pro - Image Tracing / Vectorization,https://www.youtube.com/watch?v=HudEeCEgcQU,,222.0,CHANNEL,wave2,uncategorized tutorial,
6WH_OH7UcFM,VCarve Pro - Importing PhotoVCarve projects,https://www.youtube.com/watch?v=6WH_OH7UcFM,,327.0,CHANNEL,skip,photo V-carve excluded,
hbL4XeESEpQ,VCarve Pro - Machining 3D Door panel,https://www.youtube.com/watch?v=hbL4XeESEpQ,,277.0,CHANNEL,wave2,uncategorized tutorial,
iTlRXNFma30,VCarve Pro - Machining 3D Textures,https://www.youtube.com/watch?v=iTlRXNFma30,,386.0,CHANNEL,wave2,uncategorized tutorial,
7CJ4D9pS2sg,VCarve Pro - Machining Raised Bevel Letters,https://www.youtube.com/watch?v=7CJ4D9pS2sg,,191.0,CHANNEL,wave2,uncategorized tutorial,
oBmsu-lKxm4,VCarve Toolpath Guide | Vectric V11 Tutorials,https://www.youtube.com/watch?v=oBmsu-lKxm4,,2769.0,CHANNEL,wave2,older-version duplicate of V12 tutorial,
sASzyT-f6_k,VCarved Patterns with Randy | Vectric Worldwide UGM 2023,https://www.youtube.com/watch?v=sASzyT-f6_k,,2756.0,CHANNEL,skip,project/marketing fluff,
dJ8xb0_wM3w,Vectophone - 2D Toolpaths | Vectric V11 Tutorials,https://www.youtube.com/watch?v=dJ8xb0_wM3w,,801.0,CHANNEL,wave2,older-version duplicate of V12 tutorial,
2TW7iNIw3qk,Vectophone | Vector Drawing | V9,https://www.youtube.com/watch?v=2TW7iNIw3qk,,1054.0,CHANNEL,wave2,older-version duplicate of V12 tutorial,
v1RhnQHgPH8,Vectophone | Vectric V11 Tutorials,https://www.youtube.com/watch?v=v1RhnQHgPH8,,952.0,CHANNEL,wave2,older-version duplicate of V12 tutorial,
WPoFkgubzks,Vector Organization,https://www.youtube.com/watch?v=WPoFkgubzks,,1234.0,CHANNEL,wave2,uncategorized tutorial,
0yLaGQKX24w,Vector Textures - 2.5D Toolpaths | Vectric V11 Tutorials,https://www.youtube.com/watch?v=0yLaGQKX24w,,1045.0,CHANNEL,skip,decorative texture tooling,
CYUTrNJfpPs,Vector Textures - 2D Toolpaths | Vectric V11 Tutorials,https://www.youtube.com/watch?v=CYUTrNJfpPs,,567.0,CHANNEL,skip,decorative texture tooling,
LdPZDJOxohE,Vector Textures - Drawing | Vectric V11 Tutorials,https://www.youtube.com/watch?v=LdPZDJOxohE,,1280.0,CHANNEL,skip,decorative texture tooling,
NdzUzP5bQqo,Vector Textures | 2.5D Toolpaths | V9,https://www.youtube.com/watch?v=NdzUzP5bQqo,,860.0,CHANNEL,skip,decorative texture tooling,
dTbSeLY04iY,Vector Textures | 2D Toolpaths | V9,https://www.youtube.com/watch?v=dTbSeLY04iY,,1211.0,CHANNEL,skip,decorative texture tooling,
0u-jplEyyxQ,Vector Textures | Vector Drawing | V9,https://www.youtube.com/watch?v=0u-jplEyyxQ,,1565.0,CHANNEL,skip,decorative texture tooling,
txbgWS_JaY4,Vectric - 3D Shape in a dish,https://www.youtube.com/watch?v=txbgWS_JaY4,,2657.0,CHANNEL,wave2,uncategorized tutorial,
xR9mYWrUa_U,Vectric - Art Nouveau Frame 3D Modeling,https://www.youtube.com/watch?v=xR9mYWrUa_U,,2666.0,CHANNEL,wave2,project-demo 3D modeling (Art Nouveau frame),
1kaHxHdGstE,Vectric - Cloth Dish 3D Modeling,https://www.youtube.com/watch?v=1kaHxHdGstE,,2849.0,CHANNEL,wave2,project-demo 3D modeling (Cloth Dish),
owcRGUrq7-E,Vectric - Constant Height Letter,https://www.youtube.com/watch?v=owcRGUrq7-E,,1581.0,CHANNEL,wave2,uncategorized tutorial,
Ivo2qOoF9HA,Vectric - Decorative Panel Textures,https://www.youtube.com/watch?v=Ivo2qOoF9HA,,2052.0,CHANNEL,wave2,uncategorized tutorial,
MxHVAK1cubc,Vectric - Efficient Machining of 3D Parts - Guitar Base,https://www.youtube.com/watch?v=MxHVAK1cubc,,1431.0,CHANNEL,wave2,uncategorized tutorial,
H7KFWTEiNvg,Vectric - Efficient Machining of 3D Parts - Rest Machining,https://www.youtube.com/watch?v=H7KFWTEiNvg,,1388.0,CHANNEL,wave2,uncategorized tutorial,
gc4fMGHVq0U,Vectric - Efficient Machining of 3D Parts - Rose and Crown Sign,https://www.youtube.com/watch?v=gc4fMGHVq0U,,1629.0,CHANNEL,wave2,uncategorized tutorial,
GVE3xzGBTX0,Vectric - Efficient Machining of 3D Parts Introduction,https://www.youtube.com/watch?v=GVE3xzGBTX0,,679.0,CHANNEL,wave2,uncategorized tutorial,
7xLfYHmdavk,Vectric - Flourish Assembly Dividing Models,https://www.youtube.com/watch?v=7xLfYHmdavk,,2494.0,CHANNEL,wave2,uncategorized tutorial,
KtwUAsfZLyk,Vectric - Flourish Assembly Modeling,https://www.youtube.com/watch?v=KtwUAsfZLyk,,3361.0,CHANNEL,wave2,uncategorized tutorial,
3aepwgaTXzA,Vectric - Flourish Assembly Simple Patterns,https://www.youtube.com/watch?v=3aepwgaTXzA,,2059.0,CHANNEL,wave2,uncategorized tutorial,
E7nJCt027Xc,Vectric - Flourish Assembly Theory and Concepts,https://www.youtube.com/watch?v=E7nJCt027Xc,,1674.0,CHANNEL,wave2,uncategorized tutorial,
Xd8Q8S76mts,Vectric - Installing Font,https://www.youtube.com/watch?v=Xd8Q8S76mts,,243.0,CHANNEL,wave2,uncategorized tutorial,
B9L_c-h07zo,Vectric - Lion Head Door Knocker Concepts & Theory,https://www.youtube.com/watch?v=B9L_c-h07zo,,1669.0,CHANNEL,wave2,uncategorized tutorial,
ycq2aL_reHA,Vectric - Lion Head Door Knocker Drawing,https://www.youtube.com/watch?v=ycq2aL_reHA,,1630.0,CHANNEL,wave2,uncategorized tutorial,
NVmrq7mOtwA,Vectric - Lion Head Door Knocker Modeling,https://www.youtube.com/watch?v=NVmrq7mOtwA,,4840.0,CHANNEL,wave2,uncategorized tutorial,
lcB8OIO_2Mw,Vectric - Lion Head Door Knocker Toolpath Summary,https://www.youtube.com/watch?v=lcB8OIO_2Mw,,565.0,CHANNEL,wave2,uncategorized tutorial,
WQjLQPSdPTE,Vectric - Multi Sided Parts Clock Tower,https://www.youtube.com/watch?v=WQjLQPSdPTE,,1104.0,CHANNEL,wave2,uncategorized tutorial,
k3oXK3F386g,Vectric - Multi Sided Parts Introduction,https://www.youtube.com/watch?v=k3oXK3F386g,,1783.0,CHANNEL,wave2,uncategorized tutorial,
lHLHI8CfUqk,Vectric - Multi Sided Parts Self Aligning Jig,https://www.youtube.com/watch?v=lHLHI8CfUqk,,958.0,CHANNEL,wave2,uncategorized tutorial,
LPv7RVg8fCU,Vectric - Multi Sided Parts St Hugh,https://www.youtube.com/watch?v=LPv7RVg8fCU,,3167.0,CHANNEL,wave2,uncategorized tutorial,
rHo8ozz4Nhg,Vectric - Simple Stacked Text,https://www.youtube.com/watch?v=rHo8ozz4Nhg,,1175.0,CHANNEL,wave2,uncategorized tutorial,
k7jemFBP1RA,Vectric - Stacked Text Template,https://www.youtube.com/watch?v=k7jemFBP1RA,,2873.0,CHANNEL,wave2,uncategorized tutorial,
PI7fTP1EeD4,Vectric - Texture Toolbox Gadget,https://www.youtube.com/watch?v=PI7fTP1EeD4,,1086.0,CHANNEL,wave2,uncategorized tutorial,
B0jwxGSHXQk,Vectric - Textures Introduction,https://www.youtube.com/watch?v=B0jwxGSHXQk,,484.0,CHANNEL,wave2,uncategorized tutorial,
MgeNFUjGFFw,Vectric - Textures Woodgrain UG,https://www.youtube.com/watch?v=MgeNFUjGFFw,,836.0,CHANNEL,wave2,uncategorized tutorial,
YVYRCa2B0n4,Vectric - Tracing Images - What type of tracing to use?  - Part 3,https://www.youtube.com/watch?v=YVYRCa2B0n4,,309.0,CHANNEL,wave2,uncategorized tutorial,
2vregMSmn3c,Vectric - Twisted Pot,https://www.youtube.com/watch?v=2vregMSmn3c,,1912.0,CHANNEL,wave2,uncategorized tutorial,
IvvfyQhZAww,Vectric - V8 Tutorials - Tool Database Guide,https://www.youtube.com/watch?v=IvvfyQhZAww,,1374.0,CHANNEL,wave2,older-version duplicate of V12 tutorial,
vSeghY_IhL4,Vectric - VCarve From 3D - Must See Technique,https://www.youtube.com/watch?v=vSeghY_IhL4,,870.0,CHANNEL,wave2,uncategorized tutorial,
bg3c8_roNQo,Vectric Aspire 4 - Celtic Weave Creator Gadget,https://www.youtube.com/watch?v=bg3c8_roNQo,,571.0,CHANNEL,wave2,uncategorized tutorial,
YhZvuls_tms,Vectric Aspire Version 12 is OUT NOW!,https://www.youtube.com/watch?v=YhZvuls_tms,,485.0,CHANNEL,skip,release marketing,
OrGp5293sjU,Vectric Cut2D Version 12 is OUT NOW!,https://www.youtube.com/watch?v=OrGp5293sjU,,302.0,CHANNEL,skip,release marketing,
31fuMhTI-KI,Vectric FREE Projects | Christmas Eve Treat Board | 12 Days of Christmas,https://www.youtube.com/watch?v=31fuMhTI-KI,,463.0,CHANNEL,skip,project/marketing fluff,
ER-FczAQhjE,Vectric FREE Projects | Ornaments | 12 Days of Christmas,https://www.youtube.com/watch?v=ER-FczAQhjE,,539.0,CHANNEL,skip,project/marketing fluff,
iPBNBMmY3jc,Vectric FREE Projects | Robin | 12 Days of Christmas,https://www.youtube.com/watch?v=iPBNBMmY3jc,,752.0,CHANNEL,skip,project/marketing fluff,
EPS5Tzl2vpM,Vectric FREE Projects | Standing Trees | 12 Days of Christmas,https://www.youtube.com/watch?v=EPS5Tzl2vpM,,398.0,CHANNEL,skip,project/marketing fluff,
YykY_LDxiNM,Vectric Free Trial CNC Software | Take The Tour,https://www.youtube.com/watch?v=YykY_LDxiNM,,1008.0,CHANNEL,wave2,uncategorized tutorial,
q_Or6ELVc4Q,Vectric Free Trial CNC Software | Take the tour,https://www.youtube.com/watch?v=q_Or6ELVc4Q,,933.0,CHANNEL,wave2,uncategorized tutorial,
ICS8zZ2EHBU,Vectric Instagram 10K Followers Thank You Project,https://www.youtube.com/watch?v=ICS8zZ2EHBU,,62.0,CHANNEL,wave2,uncategorized tutorial,
acZkWWyOq5Q,Vectric Spark CNC Design Software for macOS Coming Soon! ✨,https://www.youtube.com/watch?v=acZkWWyOq5Q,,NA,CHANNEL,wave2,uncategorized tutorial,
g_s2R66Un94,Vectric Tips & Tricks  - Tracing Images -  Controlling Vectorization in Trace Bitmap Tool - Part 4,https://www.youtube.com/watch?v=g_s2R66Un94,,253.0,CHANNEL,wave2,uncategorized tutorial,
Sza4yGAVKOs,Vectric Tips & Tricks - Modeling a Frame Part 2,https://www.youtube.com/watch?v=Sza4yGAVKOs,,299.0,CHANNEL,wave2,uncategorized tutorial,
OVSKcVXwxaI,Vectric Tips & Tricks - Modeling a Spun Shape Part 1,https://www.youtube.com/watch?v=OVSKcVXwxaI,,312.0,CHANNEL,wave2,uncategorized tutorial,
oAe2LdXHYaA,Vectric Tips & Tricks - Modeling a Spun Shape Part 2,https://www.youtube.com/watch?v=oAe2LdXHYaA,,314.0,CHANNEL,wave2,uncategorized tutorial,
AMjI4RWo6J4,Vectric Tips & Tricks - Modeling a Turned Shape,https://www.youtube.com/watch?v=AMjI4RWo6J4,,308.0,CHANNEL,wave2,uncategorized tutorial,
3_l51X0HOxY,Vectric Tips & Tricks - Tracing Images Automatically Introduction - Part 2,https://www.youtube.com/watch?v=3_l51X0HOxY,,303.0,CHANNEL,wave2,uncategorized tutorial,
ggq9r29rJ48,Vectric Tips & Tricks - Tracing Images Introduction - Part 1,https://www.youtube.com/watch?v=ggq9r29rJ48,,307.0,CHANNEL,wave2,uncategorized tutorial,
Nmn7RebbtRI,Vectric Tips & Tricks - Tracing Images Manually - Drawing Tools - Part 6,https://www.youtube.com/watch?v=Nmn7RebbtRI,,340.0,CHANNEL,wave2,uncategorized tutorial,
-0HCPkdycHI,Vectric Tips & Tricks - Tracing Images Manually Introduction - Part 5,https://www.youtube.com/watch?v=-0HCPkdycHI,,262.0,CHANNEL,wave2,uncategorized tutorial,
GtSChsSdTq0,Vectric Tips & Tricks - modeling a Frame Part 1,https://www.youtube.com/watch?v=GtSChsSdTq0,,307.0,CHANNEL,wave2,uncategorized tutorial,
Jh2EaoDPXyU,Vectric Tutorials - Importing and Exporting 3D Data,https://www.youtube.com/watch?v=Jh2EaoDPXyU,,2113.0,CHANNEL,wave2,uncategorized tutorial,
kE4EgTJmlNA,Vectric Tutorials | Laser Etching The VSquare,https://www.youtube.com/watch?v=kE4EgTJmlNA,,1108.0,CHANNEL,skip,laser excluded from lean scope,
s-_f7SMqLbI,Vectric Tutorials | Laser Picture Photo Plaque,https://www.youtube.com/watch?v=s-_f7SMqLbI,,1300.0,CHANNEL,skip,laser excluded from lean scope,
fWsVU24apec,Vectric Tutorials | Laser Picture Tiger Face,https://www.youtube.com/watch?v=fWsVU24apec,,1879.0,CHANNEL,skip,laser excluded from lean scope,
nDDl4nBlaU4,Vectric Update & What's New in V11 with Edward | Vectric Worldwide UGM 2021,https://www.youtube.com/watch?v=nDDl4nBlaU4,,4781.0,CHANNEL,skip,project/marketing fluff,
sfT-dC05ZpY,Vectric V10 Tutorials | 2.5D Toolpaths | Five Star Coffee Sign,https://www.youtube.com/watch?v=sfT-dC05ZpY,,790.0,CHANNEL,wave2,older-version duplicate of V12 tutorial,
9s5ctySjxA8,Vectric V10 Tutorials | 2.5D Toolpaths | Fluting Toolpath Guide,https://www.youtube.com/watch?v=9s5ctySjxA8,,1648.0,CHANNEL,wave2,older-version duplicate of V12 tutorial,
00Cx29RpOcI,Vectric V10 Tutorials | 2.5D Toolpaths | Gothic Quatrefoil,https://www.youtube.com/watch?v=00Cx29RpOcI,,1351.0,CHANNEL,wave2,older-version duplicate of V12 tutorial,
8Aq0-cOdbbE,Vectric V10 Tutorials | 2.5D Toolpaths | Moulding Toolpath Guide,https://www.youtube.com/watch?v=8Aq0-cOdbbE,,1722.0,CHANNEL,wave2,older-version duplicate of V12 tutorial,
xoqRT81XyrM,Vectric V10 Tutorials | 2.5D Toolpaths | PhotoVCarve Strategy,https://www.youtube.com/watch?v=xoqRT81XyrM,,1891.0,CHANNEL,skip,photo V-carve excluded,
pRJh1Z9cFYQ,Vectric V10 Tutorials | 2.5D Toolpaths | Rocket Nameplate,https://www.youtube.com/watch?v=pRJh1Z9cFYQ,,711.0,CHANNEL,wave2,older-version duplicate of V12 tutorial,
C-yyODQpYyc,Vectric V10 Tutorials | 2.5D Toolpaths | VCarve Toolpath Guide,https://www.youtube.com/watch?v=C-yyODQpYyc,,3019.0,CHANNEL,wave2,older-version duplicate of V12 tutorial,
ELXQHT_DQVI,Vectric V10 Tutorials | 2.5D Toolpaths | Vector Textures,https://www.youtube.com/watch?v=ELXQHT_DQVI,,1009.0,CHANNEL,skip,decorative texture tooling,
_0yS5-HDiUo,Vectric V10 Tutorials | 2D Toolpaths | 3 Legged Table,https://www.youtube.com/watch?v=_0yS5-HDiUo,,775.0,CHANNEL,wave2,older-version duplicate of V12 tutorial,
yhRPlPwY-ZM,Vectric V10 Tutorials | 2D Toolpaths | Array Copy & Merging Toolpaths Guide,https://www.youtube.com/watch?v=yhRPlPwY-ZM,,1103.0,CHANNEL,wave2,older-version duplicate of V12 tutorial,
E_MVi-2ZR80,Vectric V10 Tutorials | 2D Toolpaths | Auto Inlay Toolpath Guide,https://www.youtube.com/watch?v=E_MVi-2ZR80,,1207.0,CHANNEL,wave2,older-version duplicate of V12 tutorial,
rnw0bznzkX8,Vectric V10 Tutorials | 2D Toolpaths | Childs Name Plaque,https://www.youtube.com/watch?v=rnw0bznzkX8,,882.0,CHANNEL,wave2,older-version duplicate of V12 tutorial,
inMuJcB2IuQ,Vectric V10 Tutorials | 2D Toolpaths | Pocket Toolpath Guide,https://www.youtube.com/watch?v=inMuJcB2IuQ,,2477.0,CHANNEL,wave2,older-version duplicate of V12 tutorial,
w8def6kuuLU,Vectric V10 Tutorials | 2D Toolpaths | Profile Toolpath Guide,https://www.youtube.com/watch?v=w8def6kuuLU,,3775.0,CHANNEL,wave2,older-version duplicate of V12 tutorial,
w4RkHuNivBo,Vectric V10 Tutorials | 2D Toolpaths | Quick Engraving Toolpath Guide,https://www.youtube.com/watch?v=w4RkHuNivBo,,784.0,CHANNEL,wave2,older-version duplicate of V12 tutorial,
f24IYbv5GY8,Vectric V10 Tutorials | 2D Toolpaths | Raised Panel Door,https://www.youtube.com/watch?v=f24IYbv5GY8,,642.0,CHANNEL,wave2,older-version duplicate of V12 tutorial,
-W5Y9pnBjgc,Vectric V10 Tutorials | 2D Toolpaths | Toolpath Tiling,https://www.youtube.com/watch?v=-W5Y9pnBjgc,,807.0,CHANNEL,wave2,older-version duplicate of V12 tutorial,
EksMui0Ozvo,Vectric V10 Tutorials | 2D Toolpaths | Vectophone,https://www.youtube.com/watch?v=EksMui0Ozvo,,711.0,CHANNEL,wave2,older-version duplicate of V12 tutorial,
2Xy62o1pO7Q,Vectric V10 Tutorials | 2D Toolpaths | Vector Textures,https://www.youtube.com/watch?v=2Xy62o1pO7Q,,444.0,CHANNEL,skip,decorative texture tooling,
ErdISCrXBWg,Vectric V10 Tutorials | 3D Assembly | Coat of Arms,https://www.youtube.com/watch?v=ErdISCrXBWg,,1170.0,CHANNEL,wave2,older-version duplicate of V12 tutorial,
a0YPXg-Y7GU,Vectric V10 Tutorials | 3D Assembly | Design & Make Project,https://www.youtube.com/watch?v=a0YPXg-Y7GU,,2184.0,CHANNEL,skip,Design&Make marketing/model shop,
DSgqVA6f2sk,Vectric V10 Tutorials | 3D Assembly | Golf Award,https://www.youtube.com/watch?v=DSgqVA6f2sk,,1505.0,CHANNEL,wave2,older-version duplicate of V12 tutorial,
DSAqhgOiuBA,Vectric V10 Tutorials | 3D Modeling | Banners and Ribbons,https://www.youtube.com/watch?v=DSAqhgOiuBA,,1343.0,CHANNEL,wave2,older-version duplicate of V12 tutorial,
nBvGRLwoQPI,Vectric V10 Tutorials | 3D Modeling | Component Tree Guide,https://www.youtube.com/watch?v=nBvGRLwoQPI,,1674.0,CHANNEL,wave2,older-version duplicate of V12 tutorial,
y_ds2DuIbCE,Vectric V10 Tutorials | 3D Modeling | Create Shape Guide,https://www.youtube.com/watch?v=y_ds2DuIbCE,,1780.0,CHANNEL,wave2,older-version duplicate of V12 tutorial,
H45N9M4BasA,Vectric V10 Tutorials | 3D Modeling | Creating a Carved Recess,https://www.youtube.com/watch?v=H45N9M4BasA,,1216.0,CHANNEL,wave2,older-version duplicate of V12 tutorial,
mAYvyVoWtbg,Vectric V10 Tutorials | 3D Modeling | Creating a Dished Recess,https://www.youtube.com/watch?v=mAYvyVoWtbg,,1409.0,CHANNEL,wave2,older-version duplicate of V12 tutorial,
8ebNnFYjEuM,Vectric V10 Tutorials | 3D Modeling | Extrude and Weave Guide,https://www.youtube.com/watch?v=8ebNnFYjEuM,,2440.0,CHANNEL,skip,decorative extrude/weave,
lUuTFNm6BgY,Vectric V10 Tutorials | 3D Modeling | Fleur De Lys,https://www.youtube.com/watch?v=lUuTFNm6BgY,,1159.0,CHANNEL,wave2,older-version duplicate of V12 tutorial,
5gl_16PXQwM,Vectric V10 Tutorials | 3D Modeling | Introduction to Modeling,https://www.youtube.com/watch?v=5gl_16PXQwM,,810.0,CHANNEL,wave2,older-version duplicate of V12 tutorial,
xFpJQjzQvgU,Vectric V10 Tutorials | 3D Modeling | Lily Leaf Molding,https://www.youtube.com/watch?v=xFpJQjzQvgU,,2244.0,CHANNEL,wave2,older-version duplicate of V12 tutorial,
K4ElHIXZ1MI,Vectric V10 Tutorials | 3D Modeling | Lioness,https://www.youtube.com/watch?v=K4ElHIXZ1MI,,3363.0,CHANNEL,wave2,older-version duplicate of V12 tutorial,
hF6DSrbY_V0,Vectric V10 Tutorials | 3D Modeling | Magic Beans Coffee Sign,https://www.youtube.com/watch?v=hF6DSrbY_V0,,2317.0,CHANNEL,wave2,older-version duplicate of V12 tutorial,
mdY2P71_KbM,Vectric V10 Tutorials | 3D Modeling | Mantel Assembly,https://www.youtube.com/watch?v=mdY2P71_KbM,,1285.0,CHANNEL,wave2,older-version duplicate of V12 tutorial,
a284qXDqyag,Vectric V10 Tutorials | 3D Modeling | Oak Leaf Branch,https://www.youtube.com/watch?v=a284qXDqyag,,2772.0,CHANNEL,wave2,older-version duplicate of V12 tutorial,
t2S0HkSK4DU,Vectric V10 Tutorials | 3D Modeling | Texture Area Guide,https://www.youtube.com/watch?v=t2S0HkSK4DU,,1816.0,CHANNEL,skip,decorative texture tooling,
KKbzWRQ3-fo,Vectric V10 Tutorials | 3D Modeling | Trout,https://www.youtube.com/watch?v=KKbzWRQ3-fo,,1772.0,CHANNEL,wave2,older-version duplicate of V12 tutorial,
Rfl-PABMK68,Vectric V10 Tutorials | 3D Modeling | Turn and Spin Guide,https://www.youtube.com/watch?v=Rfl-PABMK68,,971.0,CHANNEL,skip,rotary turn-and-spin,
LKLgx-HvW1s,Vectric V10 Tutorials | 3D Modeling | Two Rail Sweep Guide,https://www.youtube.com/watch?v=LKLgx-HvW1s,,1688.0,CHANNEL,wave2,older-version duplicate of V12 tutorial,
5qPaCqcVsn0,Vectric V10 Tutorials | 3D Toolpaths | 3D Tiling,https://www.youtube.com/watch?v=5qPaCqcVsn0,,2716.0,CHANNEL,wave2,older-version duplicate of V12 tutorial,
ifb9bPNLvcM,Vectric V10 Tutorials | 3D Toolpaths | Fleur De Lys,https://www.youtube.com/watch?v=ifb9bPNLvcM,,912.0,CHANNEL,wave2,older-version duplicate of V12 tutorial,
LAfY6kzOlm8,Vectric V10 Tutorials | 3D Toolpaths | Golf Award,https://www.youtube.com/watch?v=LAfY6kzOlm8,,796.0,CHANNEL,wave2,older-version duplicate of V12 tutorial,
84mM5NCEgyQ,Vectric V10 Tutorials | 3D Toolpaths | Lioness,https://www.youtube.com/watch?v=84mM5NCEgyQ,,1236.0,CHANNEL,wave2,older-version duplicate of V12 tutorial,
BTmeUpfii1c,Vectric V10 Tutorials | 3D Toolpaths | Magic Beans Coffee Sign,https://www.youtube.com/watch?v=BTmeUpfii1c,,1206.0,CHANNEL,wave2,older-version duplicate of V12 tutorial,
nMNmAcbUvSE,Vectric V10 Tutorials | General Topics | Aspire Clipart Guide,https://www.youtube.com/watch?v=nMNmAcbUvSE,,1202.0,CHANNEL,wave2,older-version duplicate of V12 tutorial,
mfebnOk6IMA,Vectric V10 Tutorials | General Topics | Import PVC Files,https://www.youtube.com/watch?v=mfebnOk6IMA,,648.0,CHANNEL,wave2,older-version duplicate of V12 tutorial,
8Jq4UKBesD0,Vectric V10 Tutorials | General Topics | Importing and Exporting 3D Data,https://www.youtube.com/watch?v=8Jq4UKBesD0,,1619.0,CHANNEL,wave2,older-version duplicate of V12 tutorial,
2-izZb1rbhw,Vectric V10 Tutorials | General Topics | Interface Guide,https://www.youtube.com/watch?v=2-izZb1rbhw,,660.0,CHANNEL,wave2,older-version duplicate of V12 tutorial,
DrJuwh2viFs,Vectric V10 Tutorials | General Topics | Layer Guide,https://www.youtube.com/watch?v=DrJuwh2viFs,,1657.0,CHANNEL,wave2,older-version duplicate of V12 tutorial,
NlynZvacz8I,Vectric V10 Tutorials | General Topics | Lithophane Creation,https://www.youtube.com/watch?v=NlynZvacz8I,,1109.0,CHANNEL,skip,lithophane excluded,
CzRx4Wt05AM,Vectric V10 Tutorials | General Topics | Nested Cabinet Files,https://www.youtube.com/watch?v=CzRx4Wt05AM,,2275.0,CHANNEL,skip,cabinet import non-goal,
hCFKzIyI9YY,Vectric V10 Tutorials | General Topics | Nesting Guide,https://www.youtube.com/watch?v=hCFKzIyI9YY,,1605.0,CHANNEL,wave2,older-version duplicate of V12 tutorial,
HdQc3OPKKZY,Vectric V10 Tutorials | General Topics | Plate Production Guide,https://www.youtube.com/watch?v=HdQc3OPKKZY,,537.0,CHANNEL,skip,production plate tool post-lean,
zKNc7AKITsM,Vectric V10 Tutorials | General Topics | Slicing a 3D Model,https://www.youtube.com/watch?v=zKNc7AKITsM,,1382.0,CHANNEL,wave2,older-version duplicate of V12 tutorial,
OjdIDrYA3y0,Vectric V10 Tutorials | General Topics | Tool Database Guide,https://www.youtube.com/watch?v=OjdIDrYA3y0,,1414.0,CHANNEL,wave2,older-version duplicate of V12 tutorial,
w8HbN90cZ-I,Vectric V10 Tutorials | General Topics | Toolpath Saving Guide,https://www.youtube.com/watch?v=w8HbN90cZ-I,,414.0,CHANNEL,wave2,older-version duplicate of V12 tutorial,
jkZkqMs_Zf4,Vectric V10 Tutorials | General Topics | Toolpath Setup Sheets Guide,https://www.youtube.com/watch?v=jkZkqMs_Zf4,,977.0,CHANNEL,wave2,older-version duplicate of V12 tutorial,
PAx20DFyEgI,Vectric V10 Tutorials | General Topics | Vcarve Clipart Guide,https://www.youtube.com/watch?v=PAx20DFyEgI,,577.0,CHANNEL,wave2,older-version duplicate of V12 tutorial,
TqTHGEK6T6M,Vectric V10 Tutorials | Getting Started | Avalon Nameplate,https://www.youtube.com/watch?v=TqTHGEK6T6M,,1624.0,CHANNEL,wave2,older-version duplicate of V12 tutorial,
yeR92mbyUTg,Vectric V10 Tutorials | Getting Started | Bulls Head,https://www.youtube.com/watch?v=yeR92mbyUTg,,1508.0,CHANNEL,wave2,older-version duplicate of V12 tutorial,
owL7AhCR710,Vectric V10 Tutorials | Getting Started | Import Flower Model,https://www.youtube.com/watch?v=owL7AhCR710,,1382.0,CHANNEL,wave2,older-version duplicate of V12 tutorial,
eK1v7dNHfwE,Vectric V10 Tutorials | Getting Started | Importing 3D Toolpaths,https://www.youtube.com/watch?v=eK1v7dNHfwE,,1226.0,CHANNEL,wave2,older-version duplicate of V12 tutorial,
5GxWCMTlXno,Vectric V10 Tutorials | Getting Started | Open Sign,https://www.youtube.com/watch?v=5GxWCMTlXno,,1394.0,CHANNEL,wave2,older-version duplicate of V12 tutorial,
tbjt1h_NIZo,Vectric V10 Tutorials | Getting Started | Shell Sign,https://www.youtube.com/watch?v=tbjt1h_NIZo,,2145.0,CHANNEL,wave2,older-version duplicate of V12 tutorial,
qXwzyCDxPdU,Vectric V10 Tutorials | Getting Started | Teddy Bear Head,https://www.youtube.com/watch?v=qXwzyCDxPdU,,1989.0,CHANNEL,wave2,older-version duplicate of V12 tutorial,
Ffn1F5D2Mcc,Vectric V10 Tutorials | Getting Started | Wing Rib,https://www.youtube.com/watch?v=Ffn1F5D2Mcc,,1298.0,CHANNEL,wave2,older-version duplicate of V12 tutorial,
dM9IYICcFUo,Vectric V10 Tutorials | Two Sided Machining | Con Rod,https://www.youtube.com/watch?v=dM9IYICcFUo,,1558.0,CHANNEL,skip,two-sided post-lean,
JBSSC0tBCZY,Vectric V10 Tutorials | Two Sided Machining | Introduction to Two Sided Machining,https://www.youtube.com/watch?v=JBSSC0tBCZY,,2410.0,CHANNEL,skip,two-sided post-lean,
wIOxqcLbJt4,Vectric V10 Tutorials | Two Sided Machining | King Chess Piece,https://www.youtube.com/watch?v=wIOxqcLbJt4,,2716.0,CHANNEL,skip,two-sided post-lean,
PA7RzWyvqFc,Vectric V10 Tutorials | Two Sided Machining | Two Sided Marlin,https://www.youtube.com/watch?v=PA7RzWyvqFc,,2402.0,CHANNEL,skip,two-sided post-lean,
JXRjeQGiNpc,Vectric V10 Tutorials | Vector Drawing | 3 Legged Table,https://www.youtube.com/watch?v=JXRjeQGiNpc,,728.0,CHANNEL,wave2,older-version duplicate of V12 tutorial,
zSp7JnERIug,Vectric V10 Tutorials | Vector Drawing | Banners and Ribbons,https://www.youtube.com/watch?v=zSp7JnERIug,,1816.0,CHANNEL,wave2,older-version duplicate of V12 tutorial,
bhYs9txgZcE,Vectric V10 Tutorials | Vector Drawing | Childs Name Plaque,https://www.youtube.com/watch?v=bhYs9txgZcE,,1128.0,CHANNEL,wave2,older-version duplicate of V12 tutorial,
zA5rh09POHA,Vectric V10 Tutorials | Vector Drawing | Dimensioning Quick Guide,https://www.youtube.com/watch?v=zA5rh09POHA,,516.0,CHANNEL,wave2,older-version duplicate of V12 tutorial,
GMPteLmqbro,Vectric V10 Tutorials | Vector Drawing | Five Star Coffee Sign,https://www.youtube.com/watch?v=GMPteLmqbro,,1594.0,CHANNEL,wave2,older-version duplicate of V12 tutorial,
zeYddQ0rrng,Vectric V10 Tutorials | Vector Drawing | Gothic Quatrefoil,https://www.youtube.com/watch?v=zeYddQ0rrng,,1291.0,CHANNEL,wave2,older-version duplicate of V12 tutorial,
10tjbhuVQfk,Vectric V10 Tutorials | Vector Drawing | Image to Vector Logo,https://www.youtube.com/watch?v=10tjbhuVQfk,,806.0,CHANNEL,wave2,older-version duplicate of V12 tutorial,
bnpUEPPV3HY,Vectric V10 Tutorials | Vector Drawing | Introduction To Drawing Vectors,https://www.youtube.com/watch?v=bnpUEPPV3HY,,1175.0,CHANNEL,wave2,older-version duplicate of V12 tutorial,
S-elfK3byto,Vectric V10 Tutorials | Vector Drawing | Lily Leaf Molding,https://www.youtube.com/watch?v=S-elfK3byto,,1557.0,CHANNEL,wave2,older-version duplicate of V12 tutorial,
wBDk4VzWFBk,Vectric V10 Tutorials | Vector Drawing | Magic Beans Coffee Sign,https://www.youtube.com/watch?v=wBDk4VzWFBk,,2317.0,CHANNEL,wave2,older-version duplicate of V12 tutorial,
Z15Q4Wr4aCU,Vectric V10 Tutorials | Vector Drawing | Rocket Nameplate,https://www.youtube.com/watch?v=Z15Q4Wr4aCU,,717.0,CHANNEL,wave2,older-version duplicate of V12 tutorial,
FyqTdMUzTI8,Vectric V10 Tutorials | Vector Drawing | Text Creation Guide,https://www.youtube.com/watch?v=FyqTdMUzTI8,,3191.0,CHANNEL,wave2,older-version duplicate of V12 tutorial,
QEYDlrsd4a4,Vectric V10 Tutorials | Vector Drawing | Transformations Shortcuts Guide,https://www.youtube.com/watch?v=QEYDlrsd4a4,,1419.0,CHANNEL,wave2,older-version duplicate of V12 tutorial,
wr9nyMooj3g,Vectric V10 Tutorials | Vector Drawing | US Buckle,https://www.youtube.com/watch?v=wr9nyMooj3g,,675.0,CHANNEL,wave2,older-version duplicate of V12 tutorial,
_oUSCKpRRLY,Vectric V10 Tutorials | Vector Drawing | Vectophone,https://www.youtube.com/watch?v=_oUSCKpRRLY,,726.0,CHANNEL,wave2,older-version duplicate of V12 tutorial,
FuIZDcnjfQY,Vectric V10 Tutorials | Vector Drawing | Vector Textures,https://www.youtube.com/watch?v=FuIZDcnjfQY,,1334.0,CHANNEL,skip,decorative texture tooling,
2SGXMBBW7_o,Vectric V10 Tutorials | Vector Drawing | Vectric Widget,https://www.youtube.com/watch?v=2SGXMBBW7_o,,1066.0,CHANNEL,wave2,older-version duplicate of V12 tutorial,
gPYfNnI5wX4,Vectric V10 Tutorials | Vector Drawing | Working With Imported Vectors Guide,https://www.youtube.com/watch?v=gPYfNnI5wX4,,921.0,CHANNEL,wave2,older-version duplicate of V12 tutorial,
6Z_ieHkeKVw,Vectric V10 Tutorials | Wrapped Rotary Machining | Creating a Column,https://www.youtube.com/watch?v=6Z_ieHkeKVw,,2316.0,CHANNEL,skip,rotary/wrapped post-lean,
1tBa4J31w2s,Vectric V10 Tutorials | Wrapped Rotary Machining | Creating a Fluted Column,https://www.youtube.com/watch?v=1tBa4J31w2s,,525.0,CHANNEL,skip,rotary/wrapped post-lean,
L-Amk01HBU4,Vectric V10 Tutorials | Wrapped Rotary Machining | Creating a Rounded Toolpath,https://www.youtube.com/watch?v=L-Amk01HBU4,,409.0,CHANNEL,skip,rotary/wrapped post-lean,
rN4txnOfZn8,Vectric V10 Tutorials | Wrapped Rotary Machining | Creating a Spiral Column,https://www.youtube.com/watch?v=rN4txnOfZn8,,501.0,CHANNEL,skip,rotary/wrapped post-lean,
PdGZLqTxCMg,Vectric V10 Tutorials | Wrapped Rotary Machining | Import and Unwrap a Full 3D Model for Rotary,https://www.youtube.com/watch?v=PdGZLqTxCMg,,1405.0,CHANNEL,skip,rotary/wrapped post-lean,
pvmGOzV4Kig,Vectric V10 Tutorials | Wrapped Rotary Machining | Importing Relief Models for Rotary Machining,https://www.youtube.com/watch?v=pvmGOzV4Kig,,895.0,CHANNEL,skip,rotary/wrapped post-lean,
ZK2iHvlMf1I,Vectric V10 Tutorials | Wrapped Rotary Machining | Introduction to Rotary Wrapped Text,https://www.youtube.com/watch?v=ZK2iHvlMf1I,,564.0,CHANNEL,skip,rotary/wrapped post-lean,
v3smbm_U5Ko,Vectric V10 Tutorials | Wrapped Rotary Machining | Modeling a Spindle,https://www.youtube.com/watch?v=v3smbm_U5Ko,,3064.0,CHANNEL,skip,rotary/wrapped post-lean,
nd3LxA5Ohbc,Vectric V10.5 Tutorials | Chamfer Toolpath Guide 2.5D Toolpaths,https://www.youtube.com/watch?v=nd3LxA5Ohbc,,1390.0,CHANNEL,wave2,older-version duplicate of V12 tutorial,
IRSiuooZufE,Vectric V10.5 Tutorials | Create Shape Guide 3D Modeling,https://www.youtube.com/watch?v=IRSiuooZufE,,1049.0,CHANNEL,wave2,older-version duplicate of V12 tutorial,
-qt4rdW5euI,Vectric V10.5 Tutorials | Introduction to Drawing,https://www.youtube.com/watch?v=-qt4rdW5euI,,1026.0,CHANNEL,wave2,older-version duplicate of V12 tutorial,
JfxWD0_WxJo,Vectric V10.5 Tutorials | Level Clipping 3D Assembly,https://www.youtube.com/watch?v=JfxWD0_WxJo,,639.0,CHANNEL,wave2,older-version duplicate of V12 tutorial,
CF1Vve14q3Q,Vectric V10.5 Tutorials | Pocket Toolpath Guide 2D Toolpaths,https://www.youtube.com/watch?v=CF1Vve14q3Q,,2861.0,CHANNEL,wave2,older-version duplicate of V12 tutorial,
Ehb6KKyLdcI,Vectric V10.5 Tutorials | Thread Milling Toolpath Guide 2D Toolpaths,https://www.youtube.com/watch?v=Ehb6KKyLdcI,,3093.0,CHANNEL,wave2,older-version duplicate of V12 tutorial,
b88wkQ_H8iE,Vectric V10.5 Tutorials | Toolpath Groups Guide,https://www.youtube.com/watch?v=b88wkQ_H8iE,,505.0,CHANNEL,wave2,older-version duplicate of V12 tutorial,
o59Ahs7PFkk,Vectric V10.5 Tutorials | Toolpath Saving Guide 2D Toolpaths,https://www.youtube.com/watch?v=o59Ahs7PFkk,,501.0,CHANNEL,wave2,older-version duplicate of V12 tutorial,
1m8A38pMadY,Vectric V10.5 Tutorials | Working with Job Templates,https://www.youtube.com/watch?v=1m8A38pMadY,,972.0,CHANNEL,wave2,older-version duplicate of V12 tutorial,
8LIs6YCB5O4,Vectric V8 Toolpaths - Fluting Toolpath Guide,https://www.youtube.com/watch?v=8LIs6YCB5O4,,1336.0,CHANNEL,wave2,older-version duplicate of V12 tutorial,
EQtXyNwx0NQ,Vectric V8 Tutorials - 2 Sided Machining,https://www.youtube.com/watch?v=EQtXyNwx0NQ,,1147.0,CHANNEL,wave2,older-version duplicate of V12 tutorial,
XWSKEXeUQhI,Vectric V8 Tutorials - 3 Legged Stool 2D Toolpathing,https://www.youtube.com/watch?v=XWSKEXeUQhI,,1739.0,CHANNEL,wave2,older-version duplicate of V12 tutorial,
SNuh1TGOH_0,Vectric V8 Tutorials - 3 Legged Stool Drawing,https://www.youtube.com/watch?v=SNuh1TGOH_0,,928.0,CHANNEL,wave2,older-version duplicate of V12 tutorial,
ttaB1t9-4rw,Vectric V8 Tutorials - Application Data Folder Guide,https://www.youtube.com/watch?v=ttaB1t9-4rw,,811.0,CHANNEL,wave2,older-version duplicate of V12 tutorial,
UPZgp1K5NPs,Vectric V8 Tutorials - Assembling Clipart,https://www.youtube.com/watch?v=UPZgp1K5NPs,,2026.0,CHANNEL,wave2,older-version duplicate of V12 tutorial,
6vcGCdtHWwY,Vectric V8 Tutorials - Auto Inlay Toolpath Guide,https://www.youtube.com/watch?v=6vcGCdtHWwY,,1031.0,CHANNEL,wave2,older-version duplicate of V12 tutorial,
dYxoRL5YdoA,Vectric V8 Tutorials - Avalon Nameplate,https://www.youtube.com/watch?v=dYxoRL5YdoA,,1194.0,CHANNEL,wave2,older-version duplicate of V12 tutorial,
RyMeOXyMUPM,Vectric V8 Tutorials - Banner 3D Modeling,https://www.youtube.com/watch?v=RyMeOXyMUPM,,1081.0,CHANNEL,wave2,older-version duplicate of V12 tutorial,
5TGK9spGMe4,Vectric V8 Tutorials - Banner Drawing,https://www.youtube.com/watch?v=5TGK9spGMe4,,1445.0,CHANNEL,wave2,older-version duplicate of V12 tutorial,
Jzb3fJ3LZlk,Vectric V8 Tutorials - Bulls Head,https://www.youtube.com/watch?v=Jzb3fJ3LZlk,,1457.0,CHANNEL,wave2,older-version duplicate of V12 tutorial,
nm_qcHYJy4c,Vectric V8 Tutorials - CNC Mini Projects 3D Assembly,https://www.youtube.com/watch?v=nm_qcHYJy4c,,1709.0,CHANNEL,wave2,older-version duplicate of V12 tutorial,
6VUrkLAx-KU,Vectric V8 Tutorials - CNC Mini Projects 3D Toolpathing,https://www.youtube.com/watch?v=6VUrkLAx-KU,,970.0,CHANNEL,wave2,older-version duplicate of V12 tutorial,
dpwzQjWIGf4,Vectric V8 Tutorials - Clipart Guide Aspire,https://www.youtube.com/watch?v=dpwzQjWIGf4,,929.0,CHANNEL,wave2,older-version duplicate of V12 tutorial,
xxePW4muDYo,Vectric V8 Tutorials - Clipart Guide VCarve,https://www.youtube.com/watch?v=xxePW4muDYo,,490.0,CHANNEL,wave2,older-version duplicate of V12 tutorial,
Q_XG_RDt-ek,Vectric V8 Tutorials - Component Tree Guide,https://www.youtube.com/watch?v=Q_XG_RDt-ek,,1374.0,CHANNEL,wave2,older-version duplicate of V12 tutorial,
8DySEKndYZ8,Vectric V8 Tutorials - Con Rod 2D Toolpathing,https://www.youtube.com/watch?v=8DySEKndYZ8,,1150.0,CHANNEL,wave2,older-version duplicate of V12 tutorial,
zDf_GBnylac,Vectric V8 Tutorials - Create Shape Guide,https://www.youtube.com/watch?v=zDf_GBnylac,,1356.0,CHANNEL,wave2,older-version duplicate of V12 tutorial,
1kc2UgHZwCo,Vectric V8 Tutorials - Creating a Carved Recess,https://www.youtube.com/watch?v=1kc2UgHZwCo,,1014.0,CHANNEL,wave2,older-version duplicate of V12 tutorial,
qp1ujN939N4,Vectric V8 Tutorials - Creating a Dished Recess,https://www.youtube.com/watch?v=qp1ujN939N4,,1321.0,CHANNEL,wave2,older-version duplicate of V12 tutorial,
nAKzdGm8pt4,Vectric V8 Tutorials - Dimensions Tool Guide,https://www.youtube.com/watch?v=nAKzdGm8pt4,,519.0,CHANNEL,wave2,older-version duplicate of V12 tutorial,
mrptlaPi5ng,Vectric V8 Tutorials - Extrude and Weave Guide,https://www.youtube.com/watch?v=mrptlaPi5ng,,2391.0,CHANNEL,skip,decorative extrude/weave,
ocHLRtiZj3U,Vectric V8 Tutorials - Five Star 2.5D Toolpathing,https://www.youtube.com/watch?v=ocHLRtiZj3U,,1133.0,CHANNEL,wave2,older-version duplicate of V12 tutorial,
6QHdqhkYQyw,Vectric V8 Tutorials - Five Star Drawing,https://www.youtube.com/watch?v=6QHdqhkYQyw,,1808.0,CHANNEL,wave2,older-version duplicate of V12 tutorial,
Y-vf7NdiCiA,Vectric V8 Tutorials - Fleur De Lys 3D Modeling,https://www.youtube.com/watch?v=Y-vf7NdiCiA,,1268.0,CHANNEL,wave2,older-version duplicate of V12 tutorial,
CvdYLmZ0yI0,Vectric V8 Tutorials - Fleur De Lys 3D Toolpathing,https://www.youtube.com/watch?v=CvdYLmZ0yI0,,1294.0,CHANNEL,wave2,older-version duplicate of V12 tutorial,
PlwkFTMh8uI,Vectric V8 Tutorials - Getting Help Guide,https://www.youtube.com/watch?v=PlwkFTMh8uI,,567.0,CHANNEL,wave2,older-version duplicate of V12 tutorial,
-1ZexVOlQe4,Vectric V8 Tutorials - Golf Award 3D Assembly,https://www.youtube.com/watch?v=-1ZexVOlQe4,,1500.0,CHANNEL,wave2,older-version duplicate of V12 tutorial,
AFHtHXKA_KA,Vectric V8 Tutorials - Golf Award 3D Toolpathing,https://www.youtube.com/watch?v=AFHtHXKA_KA,,833.0,CHANNEL,wave2,older-version duplicate of V12 tutorial,
rxKX2B6-NUY,Vectric V8 Tutorials - Gothic Quatrefoil 2.5D Toolpathing,https://www.youtube.com/watch?v=rxKX2B6-NUY,,2026.0,CHANNEL,wave2,older-version duplicate of V12 tutorial,
95ix3sGzue8,Vectric V8 Tutorials - Howling Wolf,https://www.youtube.com/watch?v=95ix3sGzue8,,1720.0,CHANNEL,wave2,older-version duplicate of V12 tutorial,
muJ3pCQkb0g,Vectric V8 Tutorials - Image to Vector Logo,https://www.youtube.com/watch?v=muJ3pCQkb0g,,1155.0,CHANNEL,wave2,older-version duplicate of V12 tutorial,
sKDjNBKty3A,Vectric V8 Tutorials - Import 3D Toolpath,https://www.youtube.com/watch?v=sKDjNBKty3A,,1322.0,CHANNEL,wave2,older-version duplicate of V12 tutorial,
RXwA0owc9zw,Vectric V8 Tutorials - Import and Unwrap Rotary 3D Models,https://www.youtube.com/watch?v=RXwA0owc9zw,,1234.0,CHANNEL,skip,rotary/wrapped post-lean,
7s5tTQ8_OcM,Vectric V8 Tutorials - Imported Vector Guide,https://www.youtube.com/watch?v=7s5tTQ8_OcM,,1178.0,CHANNEL,wave2,older-version duplicate of V12 tutorial,
NVnjM60FneQ,Vectric V8 Tutorials - Importing Flower Model,https://www.youtube.com/watch?v=NVnjM60FneQ,,1235.0,CHANNEL,wave2,older-version duplicate of V12 tutorial,
f-_GdNGQf9E,Vectric V8 Tutorials - Interface Guide,https://www.youtube.com/watch?v=f-_GdNGQf9E,,1105.0,CHANNEL,wave2,older-version duplicate of V12 tutorial,
NrxXpGS9ZD4,Vectric V8 Tutorials - Introduction to 3D Modeling,https://www.youtube.com/watch?v=NrxXpGS9ZD4,,789.0,CHANNEL,wave2,older-version duplicate of V12 tutorial,
rqvH4ToBJiM,Vectric V8 Tutorials - Lake Side Cabin 3D Modeling,https://www.youtube.com/watch?v=rqvH4ToBJiM,,1971.0,CHANNEL,wave2,older-version duplicate of V12 tutorial,
6YvnIHIIKNU,Vectric V8 Tutorials - Layer Guide,https://www.youtube.com/watch?v=6YvnIHIIKNU,,1908.0,CHANNEL,wave2,older-version duplicate of V12 tutorial,
epLVZCqkOCU,Vectric V8 Tutorials - Lily Leaf 3D Modeling,https://www.youtube.com/watch?v=epLVZCqkOCU,,1797.0,CHANNEL,wave2,older-version duplicate of V12 tutorial,
ZYiHQfohfNA,Vectric V8 Tutorials - Lily Leaf Drawing,https://www.youtube.com/watch?v=ZYiHQfohfNA,,1289.0,CHANNEL,wave2,older-version duplicate of V12 tutorial,
0gfT1DbSbJ0,Vectric V8 Tutorials - Lioness 3D Modeling,https://www.youtube.com/watch?v=0gfT1DbSbJ0,,2251.0,CHANNEL,wave2,older-version duplicate of V12 tutorial,
XpylXKFpZCw,Vectric V8 Tutorials - Lioness 3D Toolpathing,https://www.youtube.com/watch?v=XpylXKFpZCw,,1103.0,CHANNEL,wave2,older-version duplicate of V12 tutorial,
nG9_QfNMT3M,Vectric V8 Tutorials - Lithophane Creation,https://www.youtube.com/watch?v=nG9_QfNMT3M,,1582.0,CHANNEL,skip,lithophane excluded,
reRrFMjKo3Q,Vectric V8 Tutorials - Loco Wheel 2D Toolpathing,https://www.youtube.com/watch?v=reRrFMjKo3Q,,1361.0,CHANNEL,wave2,older-version duplicate of V12 tutorial,
Lrt33YEHiQY,Vectric V8 Tutorials - Lotus Cottage 3D Assembly,https://www.youtube.com/watch?v=Lrt33YEHiQY,,1145.0,CHANNEL,wave2,older-version duplicate of V12 tutorial,
aG0H0Sy58Cs,Vectric V8 Tutorials - Lotus Cottage 3D Toolpathing,https://www.youtube.com/watch?v=aG0H0Sy58Cs,,1087.0,CHANNEL,wave2,older-version duplicate of V12 tutorial,
BUTYiL3UpL4,Vectric V8 Tutorials - Magic Beans 3D Modeling,https://www.youtube.com/watch?v=BUTYiL3UpL4,,1493.0,CHANNEL,wave2,older-version duplicate of V12 tutorial,
n6jW2P3GU4E,Vectric V8 Tutorials - Magic Beans 3D Toolpathing,https://www.youtube.com/watch?v=n6jW2P3GU4E,,1004.0,CHANNEL,wave2,older-version duplicate of V12 tutorial,
aCAU3bgeK2g,Vectric V8 Tutorials - Magic Beans Drawing,https://www.youtube.com/watch?v=aCAU3bgeK2g,,1595.0,CHANNEL,wave2,older-version duplicate of V12 tutorial,
S0qJTbcn_Cg,Vectric V8 Tutorials - Mantel Assembly,https://www.youtube.com/watch?v=S0qJTbcn_Cg,,1975.0,CHANNEL,wave2,older-version duplicate of V12 tutorial,
PHpr_x8gHSg,Vectric V8 Tutorials - Merging Toolpaths,https://www.youtube.com/watch?v=PHpr_x8gHSg,,844.0,CHANNEL,wave2,older-version duplicate of V12 tutorial,
UuqzRGPfw7o,Vectric V8 Tutorials - Name Plaque 2D Toolpathing,https://www.youtube.com/watch?v=UuqzRGPfw7o,,1030.0,CHANNEL,wave2,older-version duplicate of V12 tutorial,
YRlEyJJqQ8I,Vectric V8 Tutorials - Name Plaque Drawing,https://www.youtube.com/watch?v=YRlEyJJqQ8I,,1222.0,CHANNEL,wave2,older-version duplicate of V12 tutorial,
2kVi3YN2A_I,Vectric V8 Tutorials - Nested Cabinets,https://www.youtube.com/watch?v=2kVi3YN2A_I,,2181.0,CHANNEL,skip,cabinet import non-goal,
qw7dbc5d7Lc,Vectric V8 Tutorials - Nesting Guide,https://www.youtube.com/watch?v=qw7dbc5d7Lc,,2507.0,CHANNEL,wave2,older-version duplicate of V12 tutorial,
ixdibD_Egb8,Vectric V8 Tutorials - Oak Branch 3D Modeling,https://www.youtube.com/watch?v=ixdibD_Egb8,,2207.0,CHANNEL,wave2,older-version duplicate of V12 tutorial,
KehyKpIhf0Q,Vectric V8 Tutorials - Open Sign,https://www.youtube.com/watch?v=KehyKpIhf0Q,,1492.0,CHANNEL,wave2,older-version duplicate of V12 tutorial,
ScFVfR3cNNI,Vectric V8 Tutorials - Plate Production Guide,https://www.youtube.com/watch?v=ScFVfR3cNNI,,1393.0,CHANNEL,skip,production plate tool post-lean,
BlnbZBO8egQ,Vectric V8 Tutorials - Pocket Toolpath Guide,https://www.youtube.com/watch?v=BlnbZBO8egQ,,2094.0,CHANNEL,wave2,older-version duplicate of V12 tutorial,
Bih3TBRSXjo,Vectric V8 Tutorials - Quatrefoil Drawing,https://www.youtube.com/watch?v=Bih3TBRSXjo,,1541.0,CHANNEL,wave2,older-version duplicate of V12 tutorial,
yht7aa5Xfs4,Vectric V8 Tutorials - Quick Engraving Toolpath Guide,https://www.youtube.com/watch?v=yht7aa5Xfs4,,624.0,CHANNEL,wave2,older-version duplicate of V12 tutorial,
bhtVAZuZNNc,Vectric V8 Tutorials - Raised Panel 2D Toolpathing,https://www.youtube.com/watch?v=bhtVAZuZNNc,,874.0,CHANNEL,wave2,older-version duplicate of V12 tutorial,
eNJWTRRr2I4,Vectric V8 Tutorials - Rocket Drawing,https://www.youtube.com/watch?v=eNJWTRRr2I4,,860.0,CHANNEL,wave2,older-version duplicate of V12 tutorial,
GFzbohPbhlo,Vectric V8 Tutorials - Rocket Nameplate 2.5D Toolpathing,https://www.youtube.com/watch?v=GFzbohPbhlo,,958.0,CHANNEL,wave2,older-version duplicate of V12 tutorial,
AXOy1kQ9_A0,Vectric V8 Tutorials - Rotary 2.5D Toolpathing,https://www.youtube.com/watch?v=AXOy1kQ9_A0,,1480.0,CHANNEL,skip,rotary/wrapped post-lean,
bgm7YBkUv9s,Vectric V8 Tutorials - Rotary 3D Toolpathing,https://www.youtube.com/watch?v=bgm7YBkUv9s,,3051.0,CHANNEL,skip,rotary/wrapped post-lean,
QmLizEMVz38,Vectric V8 Tutorials - Shell Sign,https://www.youtube.com/watch?v=QmLizEMVz38,,2028.0,CHANNEL,wave2,older-version duplicate of V12 tutorial,
HE4KBYchoiw,Vectric V8 Tutorials - Simple Crest 3D Assembly,https://www.youtube.com/watch?v=HE4KBYchoiw,,1490.0,CHANNEL,wave2,older-version duplicate of V12 tutorial,
-YSm4vH5haU,Vectric V8 Tutorials - Teddy Bear,https://www.youtube.com/watch?v=-YSm4vH5haU,,2228.0,CHANNEL,wave2,older-version duplicate of V12 tutorial,
WuqnwELkGcY,Vectric V8 Tutorials - Text Creation Guide,https://www.youtube.com/watch?v=WuqnwELkGcY,,2623.0,CHANNEL,wave2,older-version duplicate of V12 tutorial,
gWUin4lvke8,Vectric V8 Tutorials - Tiling 3D Toolpathing,https://www.youtube.com/watch?v=gWUin4lvke8,,818.0,CHANNEL,wave2,older-version duplicate of V12 tutorial,
N0WJAfzyfLc,Vectric V8 Tutorials - Toolpath Admin and Time Estimate Guide,https://www.youtube.com/watch?v=N0WJAfzyfLc,,1213.0,CHANNEL,wave2,older-version duplicate of V12 tutorial,
3CYGD44vjss,Vectric V8 Tutorials - Toolpath Preview Guide,https://www.youtube.com/watch?v=3CYGD44vjss,,982.0,CHANNEL,wave2,older-version duplicate of V12 tutorial,
kX18cIwvQ9M,Vectric V8 Tutorials - Toolpath Saving Guide,https://www.youtube.com/watch?v=kX18cIwvQ9M,,548.0,CHANNEL,wave2,older-version duplicate of V12 tutorial,
mX01tnBH1Bs,Vectric V8 Tutorials - Toolpath Setup Sheets,https://www.youtube.com/watch?v=mX01tnBH1Bs,,860.0,CHANNEL,wave2,older-version duplicate of V12 tutorial,
i4P2wFYiVEE,Vectric V8 Tutorials - Toolpath Template Guide,https://www.youtube.com/watch?v=i4P2wFYiVEE,,1562.0,CHANNEL,wave2,older-version duplicate of V12 tutorial,
djhSF0uoA0g,Vectric V8 Tutorials - Toolpath Tiling,https://www.youtube.com/watch?v=djhSF0uoA0g,,714.0,CHANNEL,wave2,older-version duplicate of V12 tutorial,
dh0sZhLiook,Vectric V8 Tutorials - Trout 3D Modeling,https://www.youtube.com/watch?v=dh0sZhLiook,,1930.0,CHANNEL,wave2,older-version duplicate of V12 tutorial,
Inr69x86EBk,Vectric V8 Tutorials - Two Rail Sweep Guide 3D Modeling,https://www.youtube.com/watch?v=Inr69x86EBk,,2181.0,CHANNEL,wave2,older-version duplicate of V12 tutorial,
uY6UHsu0gLY,Vectric V8 Tutorials - US Buckle 2D Toolpathing,https://www.youtube.com/watch?v=uY6UHsu0gLY,,1208.0,CHANNEL,wave2,older-version duplicate of V12 tutorial,
-LnIXfmaVLk,Vectric V8 Tutorials - US Buckle Drawing,https://www.youtube.com/watch?v=-LnIXfmaVLk,,1358.0,CHANNEL,wave2,older-version duplicate of V12 tutorial,
C-8Yvujdcrk,Vectric V8 Tutorials - Vectophone 2D Toolpathing,https://www.youtube.com/watch?v=C-8Yvujdcrk,,797.0,CHANNEL,wave2,older-version duplicate of V12 tutorial,
jz5t7GeGI58,Vectric V8 Tutorials - Vectophone Drawing,https://www.youtube.com/watch?v=jz5t7GeGI58,,951.0,CHANNEL,wave2,older-version duplicate of V12 tutorial,
HD9gJqgTp4k,Vectric V8 Tutorials - Vectophone Drawing,https://www.youtube.com/watch?v=HD9gJqgTp4k,,955.0,CHANNEL,wave2,older-version duplicate of V12 tutorial,
yU1onEqRAK0,Vectric V8 Tutorials - Vector Texture 2.5D Toolpathing,https://www.youtube.com/watch?v=yU1onEqRAK0,,765.0,CHANNEL,skip,decorative texture tooling,
xiJ34g_ckUw,Vectric V8 Tutorials - Vector Texture 2D Toolpathing,https://www.youtube.com/watch?v=xiJ34g_ckUw,,961.0,CHANNEL,skip,decorative texture tooling,
9DOb-5fHPJM,Vectric V8 Tutorials - Vector Texture Drawing,https://www.youtube.com/watch?v=9DOb-5fHPJM,,1165.0,CHANNEL,skip,decorative texture tooling,
pk-YmzDbS4s,Vectric V8 Tutorials - Whats New In Aspire 8,https://www.youtube.com/watch?v=pk-YmzDbS4s,,1632.0,CHANNEL,wave2,older-version duplicate of V12 tutorial,
sghovA2vcCA,Vectric V8 Tutorials - Whats New In VCarve,https://www.youtube.com/watch?v=sghovA2vcCA,,1400.0,CHANNEL,wave2,older-version duplicate of V12 tutorial,
8wb_jKArtrs,Vectric V8 Tutorials - Whats New in Drawing Tools,https://www.youtube.com/watch?v=8wb_jKArtrs,,1435.0,CHANNEL,wave2,older-version duplicate of V12 tutorial,
cC8rnR3YNCw,Vectric V8 Tutorials - Whats New in Toolpaths,https://www.youtube.com/watch?v=cC8rnR3YNCw,,1111.0,CHANNEL,wave2,older-version duplicate of V12 tutorial,
7fN2H2hGqdo,Vectric V8 Tutorials - Whats New in the Drawing Tools,https://www.youtube.com/watch?v=7fN2H2hGqdo,,1485.0,CHANNEL,wave2,older-version duplicate of V12 tutorial,
XuUat3I4214,Vectric V8 Tutorials - Whats News In Toolpaths,https://www.youtube.com/watch?v=XuUat3I4214,,1169.0,CHANNEL,wave2,older-version duplicate of V12 tutorial,
KlR9TgRZ0ec,Vectric V8 Tutorials - Widget 2D Toolpathing,https://www.youtube.com/watch?v=KlR9TgRZ0ec,,1871.0,CHANNEL,wave2,older-version duplicate of V12 tutorial,
mqGsRdIWaLc,Vectric V8 Tutorials - Wing Spar Long,https://www.youtube.com/watch?v=mqGsRdIWaLc,,1131.0,CHANNEL,wave2,older-version duplicate of V12 tutorial,
2OIx3kVIVkE,Vectric VCarve Version 12 is OUT NOW!,https://www.youtube.com/watch?v=2OIx3kVIVkE,,425.0,CHANNEL,skip,release marketing,
fIpSvW875cw,Vectric Widget | Vector Drawing | V9,https://www.youtube.com/watch?v=fIpSvW875cw,,1834.0,CHANNEL,wave2,older-version duplicate of V12 tutorial,
HTo_MaNTozY,Vectric Widget | Vectric V11 Tutorials,https://www.youtube.com/watch?v=HTo_MaNTozY,,1307.0,CHANNEL,wave2,older-version duplicate of V12 tutorial,
qFTvqZXDp3c,Vectric at Makers Central 2022,https://www.youtube.com/watch?v=qFTvqZXDp3c,,85.0,CHANNEL,wave2,uncategorized tutorial,
er-9RlnNAXU,Vectric | Aspire | What's New V9,https://www.youtube.com/watch?v=er-9RlnNAXU,,4654.0,CHANNEL,wave2,older-version duplicate of V12 tutorial,
hJO2hSx35do,Vectric | Chicago User Group Meeting 2018,https://www.youtube.com/watch?v=hJO2hSx35do,,191.0,CHANNEL,wave2,uncategorized tutorial,
2m03zIbvk-I,Vectric | Chicago User Group Meeting 2018 | Book Now,https://www.youtube.com/watch?v=2m03zIbvk-I,,76.0,CHANNEL,wave2,uncategorized tutorial,
hMFClBMD2x8,Vectric | Cut2D Desktop | What's New V9,https://www.youtube.com/watch?v=hMFClBMD2x8,,3336.0,CHANNEL,wave2,older-version duplicate of V12 tutorial,
JUE0tKEzuPs,Vectric | Cut2D Pro | What's New V9,https://www.youtube.com/watch?v=JUE0tKEzuPs,,3833.0,CHANNEL,wave2,older-version duplicate of V12 tutorial,
ckc8fX7tb30,Vectric | Live Stream - 2 Sided Bowl Press Demonstration,https://www.youtube.com/watch?v=ckc8fX7tb30,,2836.0,CHANNEL,wave2,uncategorized tutorial,
2y9i4jpcDws,Vectric | Live Stream - Print Block Demonstration (User Group 2016),https://www.youtube.com/watch?v=2y9i4jpcDws,,1449.0,CHANNEL,wave2,uncategorized tutorial,
D9B9VOpSAPg,Vectric | Live Stream - Two Part 3D Mold - Dragons Claw,https://www.youtube.com/watch?v=D9B9VOpSAPg,,2859.0,CHANNEL,wave2,uncategorized tutorial,
gN5atnZB0hE,Vectric | Live Stream - Wave Form Demonstration,https://www.youtube.com/watch?v=gN5atnZB0hE,,2247.0,CHANNEL,wave2,uncategorized tutorial,
pKsSS9VPuo0,Vectric | Makers Central 2019 Highlights,https://www.youtube.com/watch?v=pKsSS9VPuo0,,41.0,CHANNEL,wave2,uncategorized tutorial,
JIzmhP_UQA0,Vectric | Making a Revolver,https://www.youtube.com/watch?v=JIzmhP_UQA0,,136.0,CHANNEL,wave2,uncategorized tutorial,
6cHAixXjr30,Vectric | Meeting: Charles Andries,https://www.youtube.com/watch?v=6cHAixXjr30,,171.0,CHANNEL,wave2,uncategorized tutorial,
HeBug7eGL6M,Vectric | Meeting: Dale Hellewell,https://www.youtube.com/watch?v=HeBug7eGL6M,,354.0,CHANNEL,wave2,uncategorized tutorial,
9-bFHtWU0Zc,Vectric | Meeting: Michael Tyler,https://www.youtube.com/watch?v=9-bFHtWU0Zc,,493.0,CHANNEL,wave2,uncategorized tutorial,
6NxuNPuYVIQ,Vectric | The Do-Nothing Machine,https://www.youtube.com/watch?v=6NxuNPuYVIQ,,12.0,CHANNEL,wave2,uncategorized tutorial,
RoZwJArVUYY,Vectric | V8.5 vs V9 | Vector Creation & Editing,https://www.youtube.com/watch?v=RoZwJArVUYY,,1098.0,CHANNEL,wave2,older-version duplicate of V12 tutorial,
ZvUSvxjCfX8,Vectric | VCarve Desktop | What's New V9,https://www.youtube.com/watch?v=ZvUSvxjCfX8,,3816.0,CHANNEL,wave2,older-version duplicate of V12 tutorial,
T2Eg6CzBmQE,Vectric | VCarve Pro | What's New V9,https://www.youtube.com/watch?v=T2Eg6CzBmQE,,4313.0,CHANNEL,wave2,older-version duplicate of V12 tutorial,
U_5itJYbd2Q,Vectric | What's New V9 |  Smart Snapping,https://www.youtube.com/watch?v=U_5itJYbd2Q,,28.0,CHANNEL,wave2,older-version duplicate of V12 tutorial,
8wUwAQXAQNE,Vectric | What's New V9 |  Turn and Spin Tool,https://www.youtube.com/watch?v=8wUwAQXAQNE,,31.0,CHANNEL,skip,rotary turn-and-spin,
vCWNHHt4PTM,Vectric | What's New V9 |  Two - Sided Machining,https://www.youtube.com/watch?v=vCWNHHt4PTM,,26.0,CHANNEL,wave2,older-version duplicate of V12 tutorial,
rvaTw27F6zM,Vectric | What's New V9 | Array Copy Toolpath Tool,https://www.youtube.com/watch?v=rvaTw27F6zM,,31.0,CHANNEL,wave2,older-version duplicate of V12 tutorial,
rkjOiBJ7Czc,Vectric | What's New V9 | Mirror Mode Tool,https://www.youtube.com/watch?v=rkjOiBJ7Czc,,30.0,CHANNEL,wave2,older-version duplicate of V12 tutorial,
nSJyuYeGruQ,Version 12 is OUT NOW! 🎉 #shorts,https://www.youtube.com/watch?v=nSJyuYeGruQ,,NA,CHANNEL,skip,release marketing,
5PCEnzs1A2o,Vintage Toys | In the Labs Vectric | FREE CNC Projects,https://www.youtube.com/watch?v=5PCEnzs1A2o,,1711.0,CHANNEL,skip,project/marketing fluff,
mT0Rha-lQtM,Want To Wrap Text To a Custom Shape In Vectric Software? 👀,https://www.youtube.com/watch?v=mT0Rha-lQtM,,NA,CHANNEL,wave2,defer: wrap text,
x_au-9d3Jys,Want better results from EasyCreate? 👀✨,https://www.youtube.com/watch?v=x_au-9d3Jys,,NA,CHANNEL,skip,EasyCarve/EasyCreate consumer line,
DfOgPyVN_Bg,Watch Todd Bring This Dog Lead Holder To Life On The CNC,https://www.youtube.com/watch?v=DfOgPyVN_Bg,,NA,CHANNEL,wave2,uncategorized tutorial,
mRAyqXj0l1o,We Made Three Completely Different Gifts,https://www.youtube.com/watch?v=mRAyqXj0l1o,,NA,CHANNEL,wave2,uncategorized tutorial,
HoEDkQs4mPc,"We caught up with Dean Makes about his CNC journey, favourite Vectric features & latest project 🛠️",https://www.youtube.com/watch?v=HoEDkQs4mPc,,NA,CHANNEL,wave2,uncategorized tutorial,
dER6qgnjxmU,We caught up with George from Gemintsu to chat all things CNC 🛠️✨,https://www.youtube.com/watch?v=dER6qgnjxmU,,NA,CHANNEL,wave2,uncategorized tutorial,
QKccKDi3zSs,We gave the Vectric team a bunch of completely random words and made them turn them into AI prompts,https://www.youtube.com/watch?v=QKccKDi3zSs,,NA,CHANNEL,wave2,uncategorized tutorial,
gAXrz5NXj5k,Weathervane Clock | Michael Tyler's FREE Project of the Month | Vectric,https://www.youtube.com/watch?v=gAXrz5NXj5k,,988.0,CHANNEL,skip,project/marketing fluff,
wptJEU4z97I,Welcome Sign | In the Labs Vectric | FREE CNC Projects,https://www.youtube.com/watch?v=wptJEU4z97I,,1459.0,CHANNEL,skip,project/marketing fluff,
rexeF7MvHuM,Welcome Sign | Vectric FREE CNC Projects,https://www.youtube.com/watch?v=rexeF7MvHuM,,NA,CHANNEL,skip,project/marketing fluff,
9aNSYQmxrME,What a weekend at Makers Central! 🙌,https://www.youtube.com/watch?v=9aNSYQmxrME,,NA,CHANNEL,wave2,uncategorized tutorial,
F3OJbTzwzQQ,What if every occasion had a design ready in seconds? 🎁,https://www.youtube.com/watch?v=F3OJbTzwzQQ,,NA,CHANNEL,wave2,uncategorized tutorial,
Up51KHIgTRo,What if we told you… you could make this for free right now? 👀,https://www.youtube.com/watch?v=Up51KHIgTRo,,NA,CHANNEL,wave2,uncategorized tutorial,
eHaBtuMtdV4,What is CNC? | Vectric,https://www.youtube.com/watch?v=eHaBtuMtdV4,,200.0,CHANNEL,wave2,uncategorized tutorial,
aVutDw_r8EM,What is a Design and Make CNC Project,https://www.youtube.com/watch?v=aVutDw_r8EM,,136.0,CHANNEL,wave2,uncategorized tutorial,
VD44ZRvB3LY,What is step over in CNC software? 🤔,https://www.youtube.com/watch?v=VD44ZRvB3LY,,NA,CHANNEL,wave2,uncategorized tutorial,
2vd0ets_DGk,What's New Advanced Machining Module,https://www.youtube.com/watch?v=2vd0ets_DGk,,306.0,CHANNEL,skip,what's-new marketing,
S7VscQN1TkI,What's New Version 11.55 | Vectric CNC Software,https://www.youtube.com/watch?v=S7VscQN1TkI,,835.0,CHANNEL,skip,what's-new marketing,
f0LmAy4BeJo,What's New in Aspire 4.5 & VCarve Pro 7.5,https://www.youtube.com/watch?v=f0LmAy4BeJo,,1820.0,CHANNEL,wave2,uncategorized tutorial,
LWrWK-5Fm-8,What's New in Aspire 9.5? | Vectric,https://www.youtube.com/watch?v=LWrWK-5Fm-8,,4387.0,CHANNEL,wave2,uncategorized tutorial,
jeLFjVMfcb4,What's New in Aspire Version 10.5 | Vectric CNC Software,https://www.youtube.com/watch?v=jeLFjVMfcb4,,1095.0,CHANNEL,skip,what's-new marketing,
624YUws7rb4,What's New in Aspire Version 11 | Vectric CNC Software,https://www.youtube.com/watch?v=624YUws7rb4,,1145.0,CHANNEL,skip,what's-new marketing,
5jQMWRRQUY0,What's New in Aspire Version 11.5 | Vectric CNC Software,https://www.youtube.com/watch?v=5jQMWRRQUY0,,684.0,CHANNEL,skip,what's-new marketing,
kL0EMwh6IeY,What's New in Aspire? | Version 10,https://www.youtube.com/watch?v=kL0EMwh6IeY,,1712.0,CHANNEL,skip,what's-new marketing,
wjVpceekwIY,What's New in Cut2D Desktop V9.5,https://www.youtube.com/watch?v=wjVpceekwIY,,795.0,CHANNEL,wave2,older-version duplicate of V12 tutorial,
bbAWaAZTzaA,What's New in Cut2D Desktop Version 10.5 | Vectric CNC Software,https://www.youtube.com/watch?v=bbAWaAZTzaA,,693.0,CHANNEL,skip,what's-new marketing,
sR1tMIX2anY,What's New in Cut2D Desktop Version 11 | Vectric CNC Software,https://www.youtube.com/watch?v=sR1tMIX2anY,,533.0,CHANNEL,skip,what's-new marketing,
rwSi3KqzfJY,What's New in Cut2D Desktop Version 11.5 | Vectric CNC Software,https://www.youtube.com/watch?v=rwSi3KqzfJY,,462.0,CHANNEL,skip,what's-new marketing,
zPASsY8o0Zk,What's New in Cut2D Desktop? | Version 10,https://www.youtube.com/watch?v=zPASsY8o0Zk,,929.0,CHANNEL,skip,what's-new marketing,
OLFfjYMOdRA,What's New in Cut2D Pro V9.5,https://www.youtube.com/watch?v=OLFfjYMOdRA,,796.0,CHANNEL,wave2,older-version duplicate of V12 tutorial,
9rxZRz58n5s,What's New in Cut2D Pro Version 10.5 | Vectric CNC Software,https://www.youtube.com/watch?v=9rxZRz58n5s,,725.0,CHANNEL,skip,what's-new marketing,
0c8urfh2LCc,What's New in Cut2D Pro Version 11 | Vectric CNC Software,https://www.youtube.com/watch?v=0c8urfh2LCc,,558.0,CHANNEL,skip,what's-new marketing,
aN68EGPnp8g,What's New in Cut2D Pro Version 11.5 | Vectric CNC Software,https://www.youtube.com/watch?v=aN68EGPnp8g,,462.0,CHANNEL,skip,what's-new marketing,
uFo0pbBQwuY,What's New in Cut2D Pro | Version 10,https://www.youtube.com/watch?v=uFo0pbBQwuY,,1113.0,CHANNEL,skip,what's-new marketing,
9e4rGOC3rAg,What's New in V10.5 by Edward Powell | Vectric Worldwide UGM 2020,https://www.youtube.com/watch?v=9e4rGOC3rAg,,3070.0,CHANNEL,skip,project/marketing fluff,
L_nQRZWlt4Y,What's New in VCarve Desktop V9.5,https://www.youtube.com/watch?v=L_nQRZWlt4Y,,3289.0,CHANNEL,wave2,older-version duplicate of V12 tutorial,
8tgJpo4_gSU,What's New in VCarve Desktop Version 10.5 | Vectric CNC Software,https://www.youtube.com/watch?v=8tgJpo4_gSU,,973.0,CHANNEL,skip,what's-new marketing,
xDTBU1fY6pM,What's New in VCarve Desktop Version 11 | Vectric CNC Software,https://www.youtube.com/watch?v=xDTBU1fY6pM,,839.0,CHANNEL,skip,what's-new marketing,
kSUkwq7hWaw,What's New in VCarve Desktop Version 11.5 | Vectric CNC Software,https://www.youtube.com/watch?v=kSUkwq7hWaw,,604.0,CHANNEL,skip,what's-new marketing,
3MfSAYSek3E,What's New in VCarve Desktop | Version 10,https://www.youtube.com/watch?v=3MfSAYSek3E,,1100.0,CHANNEL,skip,what's-new marketing,
F_tJiRI7-Rc,What's New in VCarve Pro 9.5? | Vectric,https://www.youtube.com/watch?v=F_tJiRI7-Rc,,4407.0,CHANNEL,wave2,uncategorized tutorial,
cMqLJ_kSx-M,What's New in VCarve Pro Version 10.5 | Vectric CNC Software,https://www.youtube.com/watch?v=cMqLJ_kSx-M,,1006.0,CHANNEL,skip,what's-new marketing,
Ct96wdp_eO0,What's New in VCarve Pro Version 11 | Vectric CNC Software,https://www.youtube.com/watch?v=Ct96wdp_eO0,,900.0,CHANNEL,skip,what's-new marketing,
IdaPi_BF9y4,What's New in VCarve Pro Version 11.5 | Vectric CNC Software,https://www.youtube.com/watch?v=IdaPi_BF9y4,,607.0,CHANNEL,skip,what's-new marketing,
gCu3UY6J638,What's New in VCarve Pro | Version 10,https://www.youtube.com/watch?v=gCu3UY6J638,,1554.0,CHANNEL,skip,what's-new marketing,
xLPVwGWA8vw,What’s New at Vectric with Edward | Vectric Online UGM 2025,https://www.youtube.com/watch?v=xLPVwGWA8vw,,3337.0,CHANNEL,skip,project/marketing fluff,
dVoCBc0Lgpg,Which versions of Vectric software work with the Advanced Machining Module? 👀,https://www.youtube.com/watch?v=dVoCBc0Lgpg,,NA,CHANNEL,skip,AMM cabinet/compensation module,
KXipguFknWM,Wing Spar | Getting Started | V9,https://www.youtube.com/watch?v=KXipguFknWM,,1199.0,CHANNEL,wave2,older-version duplicate of V12 tutorial,
0A1PvmgWr4s,Wing Spar | Vectric V11 Tutorials,https://www.youtube.com/watch?v=0A1PvmgWr4s,,1207.0,CHANNEL,wave2,older-version duplicate of V12 tutorial,
KvI_qdRSAOY,"With V12, you can design and draw directly in the 3D view",https://www.youtube.com/watch?v=KvI_qdRSAOY,,NA,CHANNEL,wave2,uncategorized tutorial,
d4v7p4H_-to,Wondering what file formats you can download from EasyCreate? 👀,https://www.youtube.com/watch?v=d4v7p4H_-to,,NA,CHANNEL,skip,EasyCarve/EasyCreate consumer line,
j02L57P_oX0,Wood Inlays with Andy Johnson | Vectric Worldwide UGM 2021,https://www.youtube.com/watch?v=j02L57P_oX0,,2961.0,CHANNEL,skip,project/marketing fluff,
v92wJm8a-BU,Working With Imported Vectors Guide | Vector Drawing | V9,https://www.youtube.com/watch?v=v92wJm8a-BU,,1514.0,CHANNEL,wave2,older-version duplicate of V12 tutorial,
DLe-BlOZqZ8,Working With Imported Vectors Guide | Vectric V11 Tutorials,https://www.youtube.com/watch?v=DLe-BlOZqZ8,,1063.0,CHANNEL,wave2,older-version duplicate of V12 tutorial,
-gpmYJFZv6I,Working with Job Templates | Vectric V11 Tutorials,https://www.youtube.com/watch?v=-gpmYJFZv6I,,1079.0,CHANNEL,wave2,older-version duplicate of V12 tutorial,
CJJGDOA0XZ4,Working with text,https://www.youtube.com/watch?v=CJJGDOA0XZ4,,1747.0,CHANNEL,wave2,uncategorized tutorial,
_ar3wcZey2I,Workshop Accessories | In the Labs Vectric | FREE CNC Projects,https://www.youtube.com/watch?v=_ar3wcZey2I,,2359.0,CHANNEL,skip,project/marketing fluff,
F2UdFCKUU70,Workshop Tool Rack with Maik | Vectric Worldwide UGM 2023,https://www.youtube.com/watch?v=F2UdFCKUU70,,5404.0,CHANNEL,skip,project/marketing fluff,
kDJTvs1udHU,Yeehaw! 🤠 We’re bringing the Vectric community to Nashville in October 2026,https://www.youtube.com/watch?v=kDJTvs1udHU,,NA,CHANNEL,wave2,uncategorized tutorial,
Hq3meDvPYdA,You’ve seen the name...Now here’s a clearer look at what Vectric Spark is ✨,https://www.youtube.com/watch?v=Hq3meDvPYdA,,NA,CHANNEL,wave2,uncategorized tutorial,
MZCpCwzlNt8,Zoo-topia Slot Together Animal Furniture by Beki | Vectric Worldwide UGM 2020,https://www.youtube.com/watch?v=MZCpCwzlNt8,,3009.0,CHANNEL,skip,project/marketing fluff,
DhlIuhRfY0U,d10a - Overview,https://www.youtube.com/watch?v=DhlIuhRfY0U,,842.0,CHANNEL,wave2,uncategorized tutorial,
r4KMc37ycPA,d10b - Vectors,https://www.youtube.com/watch?v=r4KMc37ycPA,,881.0,CHANNEL,wave2,uncategorized tutorial,
3Ptg89l-umM,d10c  - Basic Shapes (Part 1),https://www.youtube.com/watch?v=3Ptg89l-umM,,766.0,CHANNEL,wave2,uncategorized tutorial,
gF8HRN54aHs,d10d - Basic Shapes (Part 2),https://www.youtube.com/watch?v=gF8HRN54aHs,,676.0,CHANNEL,wave2,uncategorized tutorial,
E_NUJXzFwQI,d10e - Editing (Part 1),https://www.youtube.com/watch?v=E_NUJXzFwQI,,902.0,CHANNEL,wave2,uncategorized tutorial,
5-k6viqBLyI,d10f - Editing (Part 2),https://www.youtube.com/watch?v=5-k6viqBLyI,,911.0,CHANNEL,wave2,uncategorized tutorial,
_a9c62ZJQkA,d10g - Sculpting (Part 1),https://www.youtube.com/watch?v=_a9c62ZJQkA,,936.0,CHANNEL,skip,sculpting deep-dive post-lean,
khCGnRjwVEk,d10h - Sculpting (Part 2),https://www.youtube.com/watch?v=khCGnRjwVEk,,879.0,CHANNEL,skip,sculpting deep-dive post-lean,
3YKA2hK4LpE,d10i - Finesse Sculpting,https://www.youtube.com/watch?v=3YKA2hK4LpE,,887.0,CHANNEL,skip,sculpting deep-dive post-lean,
KpAeFm1q-u0,d10j - Summary,https://www.youtube.com/watch?v=KpAeFm1q-u0,,488.0,CHANNEL,wave2,uncategorized tutorial,
8-enZY1q3L4,“People remember the finish.” 👌,https://www.youtube.com/watch?v=8-enZY1q3L4,,NA,CHANNEL,wave2,uncategorized tutorial,
6mQa62eB7UE,„Avalon“-Namensschild | Vectric Tutorials,https://www.youtube.com/watch?v=6mQa62eB7UE,,1376.0,CHANNEL,wave2,uncategorized tutorial,
CE4vdnseSWQ,♟️✨ A Complete Cherry Chess Set ✨♟️,https://www.youtube.com/watch?v=CE4vdnseSWQ,,NA,CHANNEL,wave2,uncategorized tutorial,
ZBY4kvapxuw,♻️ Throwback CNC project,https://www.youtube.com/watch?v=ZBY4kvapxuw,,NA,CHANNEL,wave2,uncategorized tutorial,
r6VGsTCb-cg,⚙️ Smarter pocketing in V12.5!,https://www.youtube.com/watch?v=r6VGsTCb-cg,,NA,CHANNEL,wave2,uncategorized tutorial,
I1aaQiMsHXs,⚠️ Never miss an uncalculated toolpath again!,https://www.youtube.com/watch?v=I1aaQiMsHXs,,NA,CHANNEL,wave2,uncategorized tutorial,
awIcQMUKR64,⚡ Speed up your workflow with 3D Node Editing in Vectric V12.5! #shorts #short,https://www.youtube.com/watch?v=awIcQMUKR64,,NA,CHANNEL,skip,short-form promo,
tUZe0oQwnsA,⚡ Vectric shortcuts you NEED to know,https://www.youtube.com/watch?v=tUZe0oQwnsA,,NA,CHANNEL,wave2,uncategorized tutorial,
wa2wbQ0didU,✂️ Trim with confidence — now in 3D!,https://www.youtube.com/watch?v=wa2wbQ0didU,,NA,CHANNEL,wave2,uncategorized tutorial,
FRSOAV8LLX8,✨ Day 1 Vectric UGM – Behind the Scenes,https://www.youtube.com/watch?v=FRSOAV8LLX8,,NA,CHANNEL,skip,project/marketing fluff,
5TuSLkMBOJw,✨ Our 2025 Online User Group Meeting is almost here! ✨,https://www.youtube.com/watch?v=5TuSLkMBOJw,,NA,CHANNEL,wave2,uncategorized tutorial,
vNxEY5HDpp8,✨ Say hello to smoother workflows in Version 12.5! ✨#shorts #short,https://www.youtube.com/watch?v=vNxEY5HDpp8,,NA,CHANNEL,skip,short-form promo,
ZNsP2rMqtmg,✨ Two days. Fourteen sessions. Endless creativity.,https://www.youtube.com/watch?v=ZNsP2rMqtmg,,NA,CHANNEL,wave2,uncategorized tutorial,
7M_byy90IX8,✨ What if we told you…,https://www.youtube.com/watch?v=7M_byy90IX8,,NA,CHANNEL,wave2,uncategorized tutorial,
0bbPNOubWGQ,✨ What if we told you…,https://www.youtube.com/watch?v=0bbPNOubWGQ,,NA,CHANNEL,wave2,uncategorized tutorial,
fje6bt_E26A,"🌟 Meet Dave from @Goodwood_Emporium — game maker, woodworker & all-round creative legend 🎮💡",https://www.youtube.com/watch?v=fje6bt_E26A,,NA,CHANNEL,wave2,uncategorized tutorial,
0Kl7RZwXtmE,🌿🌀 A little lunchtime zen!,https://www.youtube.com/watch?v=0Kl7RZwXtmE,,NA,CHANNEL,wave2,uncategorized tutorial,
PEG-S-CluGw,🍂 AI meets CNC craftsmanship!,https://www.youtube.com/watch?v=PEG-S-CluGw,,NA,CHANNEL,wave2,uncategorized tutorial,
a-WI_noBxi8,🍎 + ⚡ = something we’ve never done before...,https://www.youtube.com/watch?v=a-WI_noBxi8,,NA,CHANNEL,wave2,uncategorized tutorial,
We0WGl2aDAk,🍏 Coming Soon: Vectric Spark for Mac!,https://www.youtube.com/watch?v=We0WGl2aDAk,,NA,CHANNEL,wave2,uncategorized tutorial,
4fxWBy9rt0c,🎃 Beki’s Spooky Halloween Candle Holders,https://www.youtube.com/watch?v=4fxWBy9rt0c,,NA,CHANNEL,wave2,uncategorized tutorial,
Ke1idJwN6wc,"🎉 A FREE project that’s quick, simple & totally do-able in our Free Trial! 🙌",https://www.youtube.com/watch?v=Ke1idJwN6wc,,NA,CHANNEL,wave2,uncategorized tutorial,
jDz1GMT_wog,🎉 Come hang out with us at Makers Central on the 17th & 18th of May! 🎉 #short #shorts,https://www.youtube.com/watch?v=jDz1GMT_wog,,NA,CHANNEL,skip,short-form promo,
_ARgoENrXG4,🎙️ Stone from Onefinity on why Aspire & Vectric are his go-to 🛠️,https://www.youtube.com/watch?v=_ARgoENrXG4,,NA,CHANNEL,wave2,uncategorized tutorial,
VfkcsQz7zjc,🎨 Beki’s Parametric Wall Art,https://www.youtube.com/watch?v=VfkcsQz7zjc,,NA,CHANNEL,wave2,uncategorized tutorial,
sjfJU_rP0RU,🎨 Kelly’s CNC journey ⚙️,https://www.youtube.com/watch?v=sjfJU_rP0RU,,NA,CHANNEL,wave2,uncategorized tutorial,
dcs6-fnDBNA,🎨 Realistic previews just got an upgrade in V12.5! #shorts #short,https://www.youtube.com/watch?v=dcs6-fnDBNA,,NA,CHANNEL,skip,short-form promo,
0uuptfRxU_E,🎮 Challenge Victor ✨ #short #shorts,https://www.youtube.com/watch?v=0uuptfRxU_E,,NA,CHANNEL,skip,short-form promo,
ZXhrhlpjnys,🎯 Pocket Dart Box Upgrade! 🔥 #short #shorts,https://www.youtube.com/watch?v=ZXhrhlpjnys,,NA,CHANNEL,skip,short-form promo,
uS7VreWF8dw,🎲 The Perfect Dice Tower – Vectric Style!,https://www.youtube.com/watch?v=uS7VreWF8dw,,NA,CHANNEL,wave2,uncategorized tutorial,
uz-E7yakSAw,🎶 Day 2 Vectric UGM – Behind the ScenesDolly Parton?! 👀,https://www.youtube.com/watch?v=uz-E7yakSAw,,NA,CHANNEL,skip,project/marketing fluff,
dzYYiXS2DVE,🎶 Press play on creativity!,https://www.youtube.com/watch?v=dzYYiXS2DVE,,NA,CHANNEL,wave2,uncategorized tutorial,
TaRHf9Oti_E,🎸 Free Project Reminder 🎸,https://www.youtube.com/watch?v=TaRHf9Oti_E,,NA,CHANNEL,wave2,uncategorized tutorial,
_2ODFetP-p0,🎸 NEW FREE PROJECT 🎸,https://www.youtube.com/watch?v=_2ODFetP-p0,,NA,CHANNEL,wave2,uncategorized tutorial,
rpX2PxLbzpg,🏃‍♂️ From idea to finished plaque… all in one workflow,https://www.youtube.com/watch?v=rpX2PxLbzpg,,NA,CHANNEL,wave2,uncategorized tutorial,
FZ6r1-Axc5M,👀 Something exciting is on the horizon... #short #shorts,https://www.youtube.com/watch?v=FZ6r1-Axc5M,,NA,CHANNEL,skip,short-form promo,
HOMpOK4DHW0,💘 Valentine’s Day CNC Speed Challenge 💘,https://www.youtube.com/watch?v=HOMpOK4DHW0,,NA,CHANNEL,wave2,uncategorized tutorial,
9GXRGUpOWl4,💡T I P   T U E S D A Y💡#shorts,https://www.youtube.com/watch?v=9GXRGUpOWl4,,NA,CHANNEL,skip,short-form promo,
lMaqsM-S9XU,📐 Take control of your 3D space in Vectric V12.5! #short #shorts,https://www.youtube.com/watch?v=lMaqsM-S9XU,,NA,CHANNEL,skip,short-form promo,
qwd0Z3bYdC8,🔠 Text just got 3D-friendly!,https://www.youtube.com/watch?v=qwd0Z3bYdC8,,NA,CHANNEL,wave2,uncategorized tutorial,
ZqPe1n3wC88,🔥 Brand new in V12.5 — Laser Sketch Engraving!,https://www.youtube.com/watch?v=ZqPe1n3wC88,,NA,CHANNEL,skip,laser excluded from lean scope,
-goyUpW3OsM,🕰️ Todd’s latest FREE CNC project is here and he’s sharing his top tips for the Texture Toolpath 🎯,https://www.youtube.com/watch?v=-goyUpW3OsM,,NA,CHANNEL,skip,decorative texture tooling,
KWexkUXdSVQ,🖊️ SketchCarve just got smoother in V12.5!,https://www.youtube.com/watch?v=KWexkUXdSVQ,,NA,CHANNEL,wave2,uncategorized tutorial,
jH_AWKC_ns4,🖤 NEW FREE PROJECT 🖤,https://www.youtube.com/watch?v=jH_AWKC_ns4,,NA,CHANNEL,wave2,uncategorized tutorial,
CgdvDcMXQAM,🗂️ Manage complex projects with ease in V12.5!,https://www.youtube.com/watch?v=CgdvDcMXQAM,,NA,CHANNEL,wave2,uncategorized tutorial,
hGB_jU5aJrg,🙌 Beki’s top tip for two-sided machining!,https://www.youtube.com/watch?v=hGB_jU5aJrg,,NA,CHANNEL,wave2,uncategorized tutorial,
_0W0ee4qtQ8,🚀 Bit things at Trend Stand with OneFinity CNC machine perfectly paired with Vectric software 🖥️,https://www.youtube.com/watch?v=_0W0ee4qtQ8,,NA,CHANNEL,wave2,uncategorized tutorial,
xnS4_jxk1DU,🚀 EasyCarve just got a major makeover!,https://www.youtube.com/watch?v=xnS4_jxk1DU,,NA,CHANNEL,skip,EasyCarve/EasyCreate consumer line,
YzRPkYzAQO8,🚀 EasyCarve just got even easier!,https://www.youtube.com/watch?v=YzRPkYzAQO8,,NA,CHANNEL,skip,EasyCarve/EasyCreate consumer line,
h40bQ18zmYg,🚀 Step into the Ultimate Maker Challenge at Victor’s Playground! 🎯🏆 #short #shorts,https://www.youtube.com/watch?v=h40bQ18zmYg,,NA,CHANNEL,skip,short-form promo,
qI5HQnZTeK0,🚀 The Advanced Machining Module is here,https://www.youtube.com/watch?v=qI5HQnZTeK0,,NA,CHANNEL,skip,AMM cabinet/compensation module,
TLs67hoYw-k,🚀 The Advanced Machining Module is here!,https://www.youtube.com/watch?v=TLs67hoYw-k,,NA,CHANNEL,skip,AMM cabinet/compensation module,
4hnwmEDhcPY,🚀 Thinking about getting started with Vectric? You’re not alone! #short #shorts,https://www.youtube.com/watch?v=4hnwmEDhcPY,,NA,CHANNEL,skip,short-form promo,
laiQ7bib1WY,🚨 BIG EASYCARVE UPDATE ALERT! 🚨,https://www.youtube.com/watch?v=laiQ7bib1WY,,NA,CHANNEL,skip,EasyCarve/EasyCreate consumer line,
WVC7b7OWThk,🚨 New in the Advanced Machining Module 🚨,https://www.youtube.com/watch?v=WVC7b7OWThk,,NA,CHANNEL,skip,AMM cabinet/compensation module,
-3KxK_on7WM,🚨 Version 12.5 is almost here! 🚨 #short #shorts,https://www.youtube.com/watch?v=-3KxK_on7WM,,NA,CHANNEL,skip,short-form promo,
nVQf2cWjFQM,🚨 Version 12.5 is here! 🚨 #short #shorts,https://www.youtube.com/watch?v=nVQf2cWjFQM,,NA,CHANNEL,skip,short-form promo,
isI5jleNn4c,🛠️ Just 2 tools = Pro results on your CNC machine.,https://www.youtube.com/watch?v=isI5jleNn4c,,NA,CHANNEL,wave2,uncategorized tutorial,
6AcmKBEbbKE,🛠️ We’re Heading to Makers Central 🤩 #short #shorts,https://www.youtube.com/watch?v=6AcmKBEbbKE,,NA,CHANNEL,skip,short-form promo,
pXN-YG8tNOM,🛠️ Wise words from maker legend Jimmy Diresta 🧠✨,https://www.youtube.com/watch?v=pXN-YG8tNOM,,NA,CHANNEL,wave2,uncategorized tutorial,
vo-lBEj08k0,🛠️ “Vectric is the only CNC software I keep coming back to.”,https://www.youtube.com/watch?v=vo-lBEj08k0,,NA,CHANNEL,wave2,uncategorized tutorial,
vo9Sw94seo4,🤓 3 fundamental steps to creating your own 3D models in Aspire,https://www.youtube.com/watch?v=vo9Sw94seo4,,NA,CHANNEL,wave2,uncategorized tutorial,
dR6fU5WTiDE,🤓 Cutting acrylic? Use an Up-Cut O Flute tool 👇,https://www.youtube.com/watch?v=dR6fU5WTiDE,,NA,CHANNEL,wave2,uncategorized tutorial,
Aouh9Oh8TiA,🤖 Introducing Vectric AI,https://www.youtube.com/watch?v=Aouh9Oh8TiA,,NA,CHANNEL,wave2,uncategorized tutorial,
08MDxHROwWc,🧩 Create a Hybrid CNC & Laser Project 🧩,https://www.youtube.com/watch?v=08MDxHROwWc,,NA,CHANNEL,skip,laser excluded from lean scope,
sVZyZQwrGIU,🧩 TABS HAVE LANDED IN EASYCARVE! 🧩,https://www.youtube.com/watch?v=sVZyZQwrGIU,,NA,CHANNEL,skip,EasyCarve/EasyCreate consumer line,
4yyjs2r6yHY,🧰 David’s Modular Storage Solution,https://www.youtube.com/watch?v=4yyjs2r6yHY,,NA,CHANNEL,wave2,uncategorized tutorial,
DRm-6zLmLB8,🧸✨ Vintage Toys… CNC style! ✨🧸,https://www.youtube.com/watch?v=DRm-6zLmLB8,,NA,CHANNEL,wave2,uncategorized tutorial,
1rNUAooBUqY,"🪑 Build smarter, not harder!",https://www.youtube.com/watch?v=1rNUAooBUqY,,NA,CHANNEL,wave2,uncategorized tutorial,
EPifpb9iuz0,🪑 Todd's Top Tips From His Easy Shop Stool Project,https://www.youtube.com/watch?v=EPifpb9iuz0,,NA,CHANNEL,wave2,uncategorized tutorial,
7MmFm_Sztxk,🪑 “I made this Easy Shop Stool with some of the stuff I learned from prototyping…” – Todd,https://www.youtube.com/watch?v=7MmFm_Sztxk,,NA,CHANNEL,wave2,uncategorized tutorial,
IbdAVuCvW7g,How to add dimensions to your drawings in Vectric software | Creating Vectors | V12 Tutorials,https://www.youtube.com/watch?v=IbdAVuCvW7g,,503.0,CREATEVEC-V12,wave2,defer: add dimensions,
admEKCLmzX8,How to create text in Vectric software | Creating Vectors | V12 Tutorials,https://www.youtube.com/watch?v=admEKCLmzX8,,365.0,CREATEVEC-V12,wave2,dup of V12.5 create-text (bPCCtoT6dx0),
Q5J-RJ-a61k,How to create text in a box in Vectric software | Creating Vectors | V12.5 Tutorials,https://www.youtube.com/watch?v=Q5J-RJ-a61k,,262.0,CREATEVEC-V12,wave2,defer: text in a box,
BeIZ7BD514s,How to create vector textures in Vectric software | Creating Vectors | V12 Tutorials,https://www.youtube.com/watch?v=BeIZ7BD514s,,1022.0,CREATEVEC-V12,skip,decorative texture tooling,
R2nhSGOSaoU,How to edit text spacing in Vectric software | Creating Vectors | V12 Tutorials,https://www.youtube.com/watch?v=R2nhSGOSaoU,,410.0,CREATEVEC-V12,wave2,defer: text spacing,
dv9m9WaQkkY,How to trace a bitmap in Vectric software | Creating Vectors | V12 Tutorials,https://www.youtube.com/watch?v=dv9m9WaQkkY,,531.0,CREATEVEC-V12,wave2,defer: trace a bitmap,
qjJXVHB0VM4,How to use the freehand drawing tool in Vectric software | Creating Vectors | V12 Tutorials,https://www.youtube.com/watch?v=qjJXVHB0VM4,,466.0,CREATEVEC-V12,wave2,defer: freehand,
bn1qBrFMsW0,How to use the polyline tool in Vectric software | Creating Vectors | V12 Tutorials OLD,https://www.youtube.com/watch?v=bn1qBrFMsW0,,530.0,CREATEVEC-V12,wave2,dup 'OLD' polyline (keep WHG7Ko4_6wU),
7BdkWRxDWic,How to wrap text on a curve in Vectric software | Creating Vectors | V12 Tutorials,https://www.youtube.com/watch?v=7BdkWRxDWic,,491.0,CREATEVEC-V12,wave2,defer: wrap text,
Z39pqSDmLWc,How to create vector boundaries around vectors in Vectric software | Editing Objects | V12 Tutorials,https://www.youtube.com/watch?v=Z39pqSDmLWc,,159.0,EDITOBJ-V12,wave2,defer: vector boundaries,
k7CzrIqaVco,How to edit bitmaps in Vectric software | Editing Objects | V12 Tutorials,https://www.youtube.com/watch?v=k7CzrIqaVco,,200.0,EDITOBJ-V12,wave2,defer: edit bitmaps,
V3zxhKSNSCg,How to fit curves to vectors in Vectric software | Editing Objects | V12 Tutorials,https://www.youtube.com/watch?v=V3zxhKSNSCg,,327.0,EDITOBJ-V12,wave2,defer: fit curves,
aT7myo3CccE,How to select vectors in Vectric software | Editing Objects | V12 Tutorials,https://www.youtube.com/watch?v=aT7myo3CccE,,114.0,EDITOBJ-V12,wave2,uncategorized tutorial,
CF7nszvPLTM,How to transform vectors in Vectric software | Editing Objects | V12 Tutorials,https://www.youtube.com/watch?v=CF7nszvPLTM,,301.0,EDITOBJ-V12,wave2,uncategorized tutorial,
tGDpYuHVXmw,How to use the measure tool in Vectric software | Editing Objects | V12 Tutorials,https://www.youtube.com/watch?v=tGDpYuHVXmw,,245.0,EDITOBJ-V12,wave2,defer: measure tool,
sIHxUY9crJM,How to merge toolpaths in Vectric software | Efficiency Tools | V12 Tutorials,https://www.youtube.com/watch?v=sIHxUY9crJM,,456.0,EFFICIENCY-V12,wave2,defer: merge toolpaths,
pH8zxn5uJz4,How to nest cabinets for production in Vectric software | Efficiency Tools | V12 Tutorials,https://www.youtube.com/watch?v=pH8zxn5uJz4,,1792.0,EFFICIENCY-V12,skip,cabinet import non-goal,
pTEt3t9ITqc,How to use the array copy tool in Vectric software | Efficiency Tools | V12 Tutorials,https://www.youtube.com/watch?v=pTEt3t9ITqc,,829.0,EFFICIENCY-V12,wave2,defer: array copy tool,
lJUAcgT77eA,How to use guides and snap grid | General Topics | V12.5 Tutorials,https://www.youtube.com/watch?v=lJUAcgT77eA,,1181.0,GENERAL-V12,wave2,defer: guides and snap grid,
v2rJ6lOdIuY,How to use layers in Vectric software | General Topics | V12 Tutorials,https://www.youtube.com/watch?v=v2rJ6lOdIuY,,1076.0,GENERAL-V12,wave2,dup of V12.5 layers (JRPg0oexpN8),
WfexakRNSpE,How to use sheets in Vectric software | General Topics | V12 Tutorials,https://www.youtube.com/watch?v=WfexakRNSpE,,885.0,GENERAL-V12,wave2,defer: sheets,
WpzMKF9LpDg,How to use sheets in Vectric software | General Topics | V12.5 Tutorials,https://www.youtube.com/watch?v=WpzMKF9LpDg,,1045.0,GENERAL-V12,wave2,defer: sheets,
RKczvYEEca8,How to create a Hybrid CNC & Laser Project with Vectric's Laser Module | Getting Started,https://www.youtube.com/watch?v=RKczvYEEca8,,1660.0,GS-V12,skip,laser excluded from lean scope,
ABLhYnAlKhs,How to Add a Draft to a Component in Vectric Aspire | Model Editing Tools | V12 Tutorials,https://www.youtube.com/watch?v=ABLhYnAlKhs,,168.0,MODELEDIT-V12,wave2,defer: draft to a component,
vMshgm1em9A,How to Segment 3D Models in Aspire | Model Editing Tools | V12.5 Tutorials,https://www.youtube.com/watch?v=vMshgm1em9A,,1071.0,MODELEDIT-V12,skip,segmenting post-lean,
YNWjLqlq2H4,How to bake a component | Model Editing Tools | V12.5 Tutorials,https://www.youtube.com/watch?v=YNWjLqlq2H4,,632.0,MODELEDIT-V12,skip,bake post-lean,
QcRb3usWWEY,How to create a cross section vector in Vectric software | Model Editing Tools | V12 Tutorials,https://www.youtube.com/watch?v=QcRb3usWWEY,,137.0,MODELEDIT-V12,wave2,defer: cross section,
DMctRcXiyUQ,How to slice a model in Vectric software | Model Editing Tools | V12 Tutorials,https://www.youtube.com/watch?v=DMctRcXiyUQ,,1443.0,MODELEDIT-V12,wave2,defer: slice a model,
DNuqgWjC9n4,How to create a component texture in Aspire in Vectric software | Modeling Tools | V12 Tutorials,https://www.youtube.com/watch?v=DNuqgWjC9n4,,319.0,MODELTOOLS-V12,skip,decorative texture tooling,
RJogq_22TBs,How to make lithophanes in Aspire in Vectric software | Modeling Tools | V12 Tutorials,https://www.youtube.com/watch?v=RJogq_22TBs,,1011.0,MODELTOOLS-V12,skip,lithophane excluded,
9Lc7XZHrvP8,How to model and sculpt a lioness in Aspire in Vectric software | Modeling Tools | V12 Tutorials,https://www.youtube.com/watch?v=9Lc7XZHrvP8,,1493.0,MODELTOOLS-V12,skip,sculpting deep-dive post-lean,
IHPQ65Rn0YM,How to use the custom brush function in Aspire in Vectric software | Modeling Tools | V12 Tutorials,https://www.youtube.com/watch?v=IHPQ65Rn0YM,,1105.0,MODELTOOLS-V12,skip,sculpt brush post-lean,
xyKVB69c734,How to use the extrude and weave tool in Aspire in Vectric software | Modeling Tools | V12 Tutorials,https://www.youtube.com/watch?v=xyKVB69c734,,1103.0,MODELTOOLS-V12,skip,decorative extrude/weave,
8KjtmaE-Pr0,How to use the texture area tool in Aspire in Vectric software | Modeling Tools | V12 Tutorials,https://www.youtube.com/watch?v=8KjtmaE-Pr0,,1006.0,MODELTOOLS-V12,skip,decorative texture tooling,
eJ8FgjO4S90,How to use the turn and spin tool in Aspire in Vectric software | Modeling Tools | V12 Tutorials,https://www.youtube.com/watch?v=eJ8FgjO4S90,,818.0,MODELTOOLS-V12,skip,rotary turn-and-spin,
2cCMTkFRwHA,How to copy vectors along vectors in Vectric software | Offset and Layout Tools | V12 Tutorials,https://www.youtube.com/watch?v=2cCMTkFRwHA,,297.0,OFFSET-V12,wave2,defer: copy vectors along,
WZ3FxrtXOCo,How to create a circular array in Vectric software | Offset and Layout Tools | V12 Tutorials,https://www.youtube.com/watch?v=WZ3FxrtXOCo,,223.0,OFFSET-V12,wave2,defer: circular array,
nKh9vdfQYbs,How to use the array copy tool in Vectric software | Offset and Layout Tools | V12 Tutorials,https://www.youtube.com/watch?v=nKh9vdfQYbs,,289.0,OFFSET-V12,wave2,defer: array copy tool,
aeAN-3_U1io,How to use the nesting tool in Vectric software | Offset and Layout Tools | V12.5 Tutorials,https://www.youtube.com/watch?v=aeAN-3_U1io,,1330.0,OFFSET-V12,wave2,defer: nesting tool,
hRaUMei75ws,How to use the plate production tool | Offset and Layout Tools | V12.5 Tutorials,https://www.youtube.com/watch?v=hRaUMei75ws,,1290.0,OFFSET-V12,skip,production plate tool post-lean,
WjTQ9RIvaKI,How to Estimate Toolpath Times | Toolpath FAQs | V12.5 Tutorials,https://www.youtube.com/watch?v=WjTQ9RIvaKI,,615.0,TPFAQ-V12,wave2,defer: estimate toolpath times,
_IwpNdUitfA,How to Tile your Toolpaths 2D | Toolpaths FAQs | V12.5 Tutorials,https://www.youtube.com/watch?v=_IwpNdUitfA,,906.0,TPFAQ-V12,wave2,defer: tile your toolpaths,
hKbtMLP4Jdc,How to Tile your Toolpaths 3D | Toolpath FAQs | V12.5 Tutorials,https://www.youtube.com/watch?v=hKbtMLP4Jdc,,634.0,TPFAQ-V12,wave2,defer: tile your toolpaths,
EbGvAQ3tDtY,How to create a Form Tool in the Tool Database | Toolpath FAQs | V12.5 Tutorials,https://www.youtube.com/watch?v=EbGvAQ3tDtY,,324.0,TPFAQ-V12,wave2,defer: form tool,
6ShnHsNfkhg,How to manage keep-out zones in Vectric software | Toolpath FAQ's | V12 Tutorials,https://www.youtube.com/watch?v=6ShnHsNfkhg,,404.0,TPFAQ-V12,wave2,defer: keep-out zones,
nzMCOZUQY68,How to use your Online Tool Database | Toolpath FAQs | V12.5 Tutorials,https://www.youtube.com/watch?v=nzMCOZUQY68,,499.0,TPFAQ-V12,skip,cloud feature non-goal,
bb2ybfu-5MM,How to distort objects in Vectric software | Transforming Objects | V12 Tutorials,https://www.youtube.com/watch?v=bb2ybfu-5MM,,316.0,TRANSFORM-V12,wave2,defer: distort objects,
7FsMyhZ7UtE,How to use the snapping options in Vectric software | Transforming Objects | V12 Tutorials,https://www.youtube.com/watch?v=7FsMyhZ7UtE,,674.0,TRANSFORM-V12,wave2,defer: snapping,
LQlRsQ3JlPA,Vectric Aspire Version 12.5 is OUT NOW!,https://www.youtube.com/watch?v=LQlRsQ3JlPA,,902.0,V125-WHATSNEW,skip,release marketing,
mYIISbKvahA,Vectric Cut2D Desktop Version 12.5 is OUT NOW!,https://www.youtube.com/watch?v=mYIISbKvahA,,812.0,V125-WHATSNEW,skip,release marketing,
_eS-f0m3vcw,Vectric Cut2D Pro Version 12.5 is OUT NOW!,https://www.youtube.com/watch?v=_eS-f0m3vcw,,836.0,V125-WHATSNEW,skip,release marketing,
dcnPpFyl8RQ,Vectric VCarve Desktop Version 12.5 is OUT NOW!,https://www.youtube.com/watch?v=dcnPpFyl8RQ,,878.0,V125-WHATSNEW,skip,release marketing,
MjAs0_wLVJc,Vectric VCarve Pro Version 12.5 is OUT NOW!,https://www.youtube.com/watch?v=MjAs0_wLVJc,,902.0,V125-WHATSNEW,skip,release marketing,
